Workbook

Sheet Master Catalogue
A1: Faction | B1: Subfaction/Chapter | C1: Battlefield Role | D1: Unit Type | E1: Unit Name | F1: Models | G1: Keywords / Tags | H1: Owned? | I1: Built? | J1: Paint Status | K1: Wishlist Priority | L1: Points | M1: Notes | N1: Verification Status | O1: Source URL
A2: Salamanders | B2: Salamanders | C2: Infantry / Other | D2: Infantry | E2: Adrax Agatone | F2: 1 model | G2: Infantry | L2: 85 | N2: Matched to Munitorum Field Manual v2.3 | O2: Uploaded PDF: Munitorum Field Manual v2.3 / March 2025, p.31
A3: Space Marines | B3: Space Marines | C3: Infantry / Other | D3: Infantry | E3: Aggressor Squad | F3: 3 models | G3: Infantry | L3: 120 | M3: Points options: 3 models = 120 pts; 6 models = 240 pts | N3: Matched to Munitorum Field Manual v2.3 | O3: Uploaded PDF: Munitorum Field Manual v2.3 / March 2025, p.31
A4: Space Marines | B4: Space Marines | C4: Character | D4: Character | E4: Ancient | F4: 1 model | G4: Character | L4: 50 | N4: Matched to Munitorum Field Manual v2.3 | O4: Uploaded PDF: Munitorum Field Manual v2.3 / March 2025, p.31
A5: Space Marines | B5: Space Marines | C5: Character | D5: Character | E5: Apothecary | F5: 1 model | G5: Character | L5: 50 | N5: Matched to Munitorum Field Manual v2.3 | O5: Uploaded PDF: Munitorum Field Manual v2.3 / March 2025, p.31
A6: Space Marines | B6: Space Marines | C6: Character | D6: Character | E6: Apothecary Biologis | F6: 1 model | G6: Character | L6: 70 | N6: Matched to Munitorum Field Manual v2.3 | O6: Uploaded PDF: Munitorum Field Manual v2.3 / March 2025, p.31
A7: Space Marines | B7: Space Marines | C7: Battleline / Core | D7: Infantry | E7: Assault Intercessor Squad | F7: 5 models | G7: Infantry | L7: 75 | M7: Points options: 5 models = 75 pts; 10 models = 150 pts | N7: Matched to Munitorum Field Manual v2.3 | O7: Uploaded PDF: Munitorum Field Manual v2.3 / March 2025, p.31
A8: Space Marines | B8: Space Marines | C8: Infantry / Other | D8: Infantry | E8: Assault Intercessors with Jump Packs | F8: 5 models | G8: Infantry | L8: 90 | M8: Points options: 5 models = 90 pts; 10 models = 160 pts | N8: Matched to Munitorum Field Manual v2.3 | O8: Uploaded PDF: Munitorum Field Manual v2.3 / March 2025, p.31
A9: Space Marines | B9: Space Marines | C9: Vehicle / Support | D9: Walker / Battlesuit | E9: Ballistus Dreadnought | F9: 1 model | G9: Walker / Battlesuit | L9: 140 | N9: Matched to Munitorum Field Manual v2.3 | O9: Uploaded PDF: Munitorum Field Manual v2.3 / March 2025, p.31
A10: Space Marines | B10: Space Marines | C10: Character | D10: Character | E10: Bladeguard Ancient | F10: 1 model | G10: Character | L10: 45 | N10: Matched to Munitorum Field Manual v2.3 | O10: Uploaded PDF: Munitorum Field Manual v2.3 / March 2025, p.31
A11: Space Marines | B11: Space Marines | C11: Infantry / Other | D11: Infantry | E11: Bladeguard Veteran Squad | F11: 3 models | G11: Infantry | L11: 80 | M11: Points options: 3 models = 80 pts; 6 models = 160 pts | N11: Matched to Munitorum Field Manual v2.3 | O11: Uploaded PDF: Munitorum Field Manual v2.3 / March 2025, p.31
A12: Space Marines | B12: Space Marines | C12: Vehicle / Support | D12: Walker / Battlesuit | E12: Brutalis Dreadnought | F12: 1 model | G12: Walker / Battlesuit | L12: 160 | N12: Matched to Munitorum Field Manual v2.3 | O12: Uploaded PDF: Munitorum Field Manual v2.3 / March 2025, p.31
A13: Space Marines | B13: Space Marines | C13: Character | D13: Character | E13: Captain | F13: 1 model | G13: Character | L13: 80 | N13: Matched to Munitorum Field Manual v2.3 | O13: Uploaded PDF: Munitorum Field Manual v2.3 / March 2025, p.31
A14: Space Marines | B14: Space Marines | C14: Character | D14: Character | E14: Captain in Gravis Armour | F14: 1 model | G14: Character | L14: 80 | N14: Matched to Munitorum Field Manual v2.3 | O14: Uploaded PDF: Munitorum Field Manual v2.3 / March 2025, p.31
A15: Space Marines | B15: Space Marines | C15: Character | D15: Character | E15: Captain in Phobos Armour | F15: 1 model | G15: Character | L15: 70 | N15: Matched to Munitorum Field Manual v2.3 | O15: Uploaded PDF: Munitorum Field Manual v2.3 / March 2025, p.31
A16: Space Marines | B16: Space Marines | C16: Character | D16: Character | E16: Captain in Terminator Armour | F16: 1 model | G16: Character | L16: 95 | N16: Matched to Munitorum Field Manual v2.3 | O16: Uploaded PDF: Munitorum Field Manual v2.3 / March 2025, p.31
A17: Ultramarines | B17: Ultramarines | C17: Character | D17: Character | E17: Captain Sicarius | F17: 1 model | G17: Character | L17: 85 | N17: Matched to Munitorum Field Manual v2.3 | O17: Uploaded PDF: Munitorum Field Manual v2.3 / March 2025, p.31
A18: Space Marines | B18: Space Marines | C18: Character | D18: Character | E18: Chaplain | F18: 1 model | G18: Character | L18: 60 | N18: Matched to Munitorum Field Manual v2.3 | O18: Uploaded PDF: Munitorum Field Manual v2.3 / March 2025, p.31
A19: Space Marines | B19: Space Marines | C19: Character | D19: Character | E19: Chaplain in Terminator Armour | F19: 1 model | G19: Character | L19: 75 | N19: Matched to Munitorum Field Manual v2.3 | O19: Uploaded PDF: Munitorum Field Manual v2.3 / March 2025, p.31
A20: Space Marines | B20: Space Marines | C20: Character | D20: Character | E20: Chaplain on Bike | F20: 1 model | G20: Character | L20: 75 | N20: Matched to Munitorum Field Manual v2.3 | O20: Uploaded PDF: Munitorum Field Manual v2.3 / March 2025, p.31
A21: Space Marines | B21: Space Marines | C21: Infantry / Other | D21: Infantry | E21: Company Heroes | F21: 4 models | G21: Infantry | L21: 105 | N21: Matched to Munitorum Field Manual v2.3 | O21: Uploaded PDF: Munitorum Field Manual v2.3 / March 2025, p.31
A22: Imperial Fists | B22: Imperial Fists | C22: Infantry / Other | D22: Infantry | E22: Darnath Lysander | F22: 1 model | G22: Infantry | L22: 100 | N22: Matched to Munitorum Field Manual v2.3 | O22: Uploaded PDF: Munitorum Field Manual v2.3 / March 2025, p.31
A23: Space Marines | B23: Space Marines | C23: Infantry / Other | D23: Infantry | E23: Desolation Squad | F23: 5 models | G23: Infantry | L23: 200 | N23: Matched to Munitorum Field Manual v2.3 | O23: Uploaded PDF: Munitorum Field Manual v2.3 / March 2025, p.31
A24: Space Marines | B24: Space Marines | C24: Infantry / Other | D24: Infantry | E24: Devastator Squad | F24: 5 models | G24: Infantry | L24: 120 | M24: Points options: 5 models = 120 pts; 10 models = 200 pts | N24: Matched to Munitorum Field Manual v2.3 | O24: Uploaded PDF: Munitorum Field Manual v2.3 / March 2025, p.31
A25: Space Marines | B25: Space Marines | C25: Infantry / Other | D25: Infantry | E25: Eliminator Squad | F25: 3 models | G25: Infantry | L25: 85 | N25: Matched to Munitorum Field Manual v2.3 | O25: Uploaded PDF: Munitorum Field Manual v2.3 / March 2025, p.31
A26: Space Marines | B26: Space Marines | C26: Infantry / Other | D26: Infantry | E26: Eradicator Squad | F26: 3 models | G26: Infantry | L26: 100 | M26: Points options: 3 models = 100 pts; 6 models = 200 pts | N26: Matched to Munitorum Field Manual v2.3 | O26: Uploaded PDF: Munitorum Field Manual v2.3 / March 2025, p.31
A27: Space Marines | B27: Space Marines | C27: Vehicle / Support | D27: Vehicle | E27: Gladiator Lancer | F27: 1 model | G27: Vehicle | L27: 160 | N27: Matched to Munitorum Field Manual v2.3 | O27: Uploaded PDF: Munitorum Field Manual v2.3 / March 2025, p.31
A28: Space Marines | B28: Space Marines | C28: Vehicle / Support | D28: Vehicle | E28: Gladiator Reaper | F28: 1 model | G28: Vehicle | L28: 160 | N28: Matched to Munitorum Field Manual v2.3 | O28: Uploaded PDF: Munitorum Field Manual v2.3 / March 2025, p.31
A29: Space Marines | B29: Space Marines | C29: Vehicle / Support | D29: Vehicle | E29: Gladiator Valiant | F29: 1 model | G29: Vehicle | L29: 160 | N29: Matched to Munitorum Field Manual v2.3 | O29: Uploaded PDF: Munitorum Field Manual v2.3 / March 2025, p.31
A30: Space Marines | B30: Space Marines | C30: Vehicle / Support | D30: Vehicle | E30: Hammerfall Bunker | F30: 1 model | G30: Vehicle | L30: 175 | N30: Matched to Munitorum Field Manual v2.3 | O30: Uploaded PDF: Munitorum Field Manual v2.3 / March 2025, p.31
A31: Space Marines | B31: Space Marines | C31: Battleline / Core | D31: Infantry | E31: Heavy Intercessor Squad | F31: 5 models | G31: Infantry | L31: 110 | M31: Points options: 5 models = 110 pts; 10 models = 220 pts | N31: Matched to Munitorum Field Manual v2.3 | O31: Uploaded PDF: Munitorum Field Manual v2.3 / March 2025, p.31
A32: Space Marines | B32: Space Marines | C32: Infantry / Other | D32: Infantry | E32: Hellblaster Squad | F32: 5 models | G32: Infantry | L32: 115 | M32: Points options: 5 models = 115 pts; 10 models = 230 pts | N32: Matched to Munitorum Field Manual v2.3 | O32: Uploaded PDF: Munitorum Field Manual v2.3 / March 2025, p.31
A33: Space Marines | B33: Space Marines | C33: Vehicle / Support | D33: Vehicle | E33: Impulsor | F33: 1 model | G33: Vehicle | L33: 80 | N33: Matched to Munitorum Field Manual v2.3 | O33: Uploaded PDF: Munitorum Field Manual v2.3 / March 2025, p.31
A34: Space Marines | B34: Space Marines | C34: Infantry / Other | D34: Infantry | E34: Inceptor Squad | F34: 3 models | G34: Infantry | L34: 120 | M34: Points options: 3 models = 120 pts; 6 models = 240 pts | N34: Matched to Munitorum Field Manual v2.3 | O34: Uploaded PDF: Munitorum Field Manual v2.3 / March 2025, p.31
A35: Space Marines | B35: Space Marines | C35: Infantry / Other | D35: Infantry | E35: Incursor Squad | F35: 5 models | G35: Infantry | L35: 80 | M35: Points options: 5 models = 80 pts; 10 models = 160 pts | N35: Matched to Munitorum Field Manual v2.3 | O35: Uploaded PDF: Munitorum Field Manual v2.3 / March 2025, p.31
A36: Space Marines | B36: Space Marines | C36: Infantry / Other | D36: Infantry | E36: Infernus Squad | F36: 5 models | G36: Infantry | L36: 90 | M36: Points options: 5 models = 90 pts; 10 models = 180 pts | N36: Matched to Munitorum Field Manual v2.3 | O36: Uploaded PDF: Munitorum Field Manual v2.3 / March 2025, p.31
A37: Space Marines | B37: Space Marines | C37: Infantry / Other | D37: Infantry | E37: Infiltrator Squad | F37: 5 models | G37: Infantry | L37: 100 | M37: Points options: 5 models = 100 pts; 10 models = 200 pts | N37: Matched to Munitorum Field Manual v2.3 | O37: Uploaded PDF: Munitorum Field Manual v2.3 / March 2025, p.31
A38: Space Marines | B38: Space Marines | C38: Infantry / Other | D38: Mounted / Bike | E38: Invader ATV | F38: 1 model | G38: Mounted / Bike | L38: 60 | N38: Matched to Munitorum Field Manual v2.3 | O38: Uploaded PDF: Munitorum Field Manual v2.3 / March 2025, p.31
A39: Space Marines | B39: Space Marines | C39: Vehicle / Support | D39: Walker / Battlesuit | E39: Invictor Tactical Warsuit | F39: 1 model | G39: Walker / Battlesuit | L39: 125 | N39: Matched to Munitorum Field Manual v2.3 | O39: Uploaded PDF: Munitorum Field Manual v2.3 / March 2025, p.31
A40: Space Marines | B40: Space Marines | C40: Infantry / Other | D40: Infantry | E40: Judiciar | F40: 1 model | G40: Infantry | L40: 70 | N40: Matched to Munitorum Field Manual v2.3 | O40: Uploaded PDF: Munitorum Field Manual v2.3 / March 2025, p.31
A41: Raven Guard | B41: Raven Guard | C41: Infantry / Other | D41: Infantry | E41: Kayvaan Shrike | F41: 1 model | G41: Infantry | L41: 100 | N41: Matched to Munitorum Field Manual v2.3 | O41: Uploaded PDF: Munitorum Field Manual v2.3 / March 2025, p.31
A42: White Scars | B42: White Scars | C42: Infantry / Other | D42: Infantry | E42: Kor'sarro Khan | F42: 1 model | G42: Infantry | L42: 70 | N42: Matched to Munitorum Field Manual v2.3 | O42: Uploaded PDF: Munitorum Field Manual v2.3 / March 2025, p.31
A43: Space Marines | B43: Space Marines | C43: Vehicle / Support | D43: Vehicle | E43: Land Raider | F43: 1 model | G43: Vehicle | L43: 240 | N43: Matched to Munitorum Field Manual v2.3 | O43: Uploaded PDF: Munitorum Field Manual v2.3 / March 2025, p.31
A44: Space Marines | B44: Space Marines | C44: Vehicle / Support | D44: Vehicle | E44: Land Raider Crusader | F44: 1 model | G44: Vehicle | L44: 220 | N44: Matched to Munitorum Field Manual v2.3 | O44: Uploaded PDF: Munitorum Field Manual v2.3 / March 2025, p.31
A45: Space Marines | B45: Space Marines | C45: Vehicle / Support | D45: Vehicle | E45: Land Raider Redeemer | F45: 1 model | G45: Vehicle | L45: 285 | N45: Matched to Munitorum Field Manual v2.3 | O45: Uploaded PDF: Munitorum Field Manual v2.3 / March 2025, p.31
A46: Space Marines | B46: Space Marines | C46: Character | D46: Character | E46: Librarian | F46: 1 model | G46: Character, Psyker | L46: 65 | N46: Matched to Munitorum Field Manual v2.3 | O46: Uploaded PDF: Munitorum Field Manual v2.3 / March 2025, p.31
A47: Space Marines | B47: Space Marines | C47: Character | D47: Character | E47: Librarian in Phobos Armour | F47: 1 model | G47: Character, Psyker | L47: 70 | N47: Matched to Munitorum Field Manual v2.3 | O47: Uploaded PDF: Munitorum Field Manual v2.3 / March 2025, p.31
A48: Space Marines | B48: Space Marines | C48: Character | D48: Character | E48: Librarian in Terminator Armour | F48: 1 model | G48: Character, Psyker | L48: 75 | N48: Matched to Munitorum Field Manual v2.3 | O48: Uploaded PDF: Munitorum Field Manual v2.3 / March 2025, p.31
A49: Space Marines | B49: Space Marines | C49: Infantry / Other | D49: Infantry | E49: Lieutenant | F49: 1 model | G49: Infantry | L49: 65 | N49: Matched to Munitorum Field Manual v2.3 | O49: Uploaded PDF: Munitorum Field Manual v2.3 / March 2025, p.31
... A52: Ultramarines | B52: Ultramarines | C52: Infantry / Other | D52: Infantry | E52: Marneus Calgar | F52: 3 models | G52: Infantry | L52: 210 | N52: Matched to Munitorum Field Manual v2.3 | O52: Uploaded PDF: Munitorum Field Manual v2.3 / March 2025, p.31
A53: Space Marines | B53: Space Marines | C53: Infantry / Other | D53: Mounted / Bike | E53: Outrider Squad | F53: 3 models | G53: Mounted / Bike | L53: 80 | M53: Points options: 3 models = 80 pts; 6 models = 160 pts; Invader ATV + = 60 pts | N53: Matched to Munitorum Field Manual v2.3 | O53: Uploaded PDF: Munitorum Field Manual v2.3 / March 2025, p.31
A54: Crimson Fists | B54: Crimson Fists | C54: Infantry / Other | D54: Infantry | E54: Pedro Kantor | F54: 1 model | G54: Infantry | L54: 90 | N54: Matched to Munitorum Field Manual v2.3 | O54: Uploaded PDF: Munitorum Field Manual v2.3 / March 2025, p.32
A55: Space Marines | B55: Space Marines | C55: Vehicle / Support | D55: Vehicle | E55: Predator Annihilator | F55: 1 model | G55: Vehicle | L55: 135 | N55: Matched to Munitorum Field Manual v2.3 | O55: Uploaded PDF: Munitorum Field Manual v2.3 / March 2025, p.32
A56: Space Marines | B56: Space Marines | C56: Vehicle / Support | D56: Vehicle | E56: Predator Destructor | F56: 1 model | G56: Vehicle | L56: 140 | N56: Matched to Munitorum Field Manual v2.3 | O56: Uploaded PDF: Munitorum Field Manual v2.3 / March 2025, p.32
A57: Space Marines | B57: Space Marines | C57: Vehicle / Support | D57: Vehicle | E57: Razorback | F57: 1 model | G57: Vehicle | L57: 95 | N57: Matched to Munitorum Field Manual v2.3 | O57: Uploaded PDF: Munitorum Field Manual v2.3 / March 2025, p.32
A58: Space Marines | B58: Space Marines | C58: Vehicle / Support | D58: Walker / Battlesuit | E58: Redemptor Dreadnought | F58: 1 model | G58: Walker / Battlesuit | L58: 210 | N58: Matched to Munitorum Field Manual v2.3 | O58: Uploaded PDF: Munitorum Field Manual v2.3 / March 2025, p.32
A59: Space Marines | B59: Space Marines | C59: Infantry / Other | D59: Infantry | E59: Reiver Squad | F59: 5 models | G59: Infantry | L59: 80 | M59: Points options: 5 models = 80 pts; 10 models = 160 pts | N59: Matched to Munitorum Field Manual v2.3 | O59: Uploaded PDF: Munitorum Field Manual v2.3 / March 2025, p.32
A60: Space Marines | B60: Space Marines | C60: Vehicle / Support | D60: Vehicle | E60: Repulsor | F60: 1 model | G60: Vehicle | L60: 180 | N60: Matched to Munitorum Field Manual v2.3 | O60: Uploaded PDF: Munitorum Field Manual v2.3 / March 2025, p.32
A61: Space Marines | B61: Space Marines | C61: Vehicle / Support | D61: Vehicle | E61: Repulsor Executioner | F61: 1 model | G61: Vehicle | L61: 220 | N61: Matched to Munitorum Field Manual v2.3 | O61: Uploaded PDF: Munitorum Field Manual v2.3 / March 2025, p.32
A62: Space Marines | B62: Space Marines | C62: Vehicle / Support | D62: Vehicle | E62: Rhino | F62: 1 model | G62: Vehicle | L62: 75 | N62: Matched to Munitorum Field Manual v2.3 | O62: Uploaded PDF: Munitorum Field Manual v2.3 / March 2025, p.32
A63: Ultramarines | B63: Ultramarines | C63: Infantry / Other | D63: Infantry | E63: Roboute Guilliman | F63: 1 model | G63: Infantry, Epic Hero | L63: 345 | N63: Matched to Munitorum Field Manual v2.3 | O63: Uploaded PDF: Munitorum Field Manual v2.3 / March 2025, p.32
A64: Space Marines | B64: Space Marines | C64: Infantry / Other | D64: Infantry | E64: Scout Squad | F64: 5 models | G64: Infantry | L64: 70 | M64: Points options: 5 models = 70 pts; 10 models = 140 pts | N64: Matched to Munitorum Field Manual v2.3 | O64: Uploaded PDF: Munitorum Field Manual v2.3 / March 2025, p.32
A65: Space Marines | B65: Space Marines | C65: Infantry / Other | D65: Infantry | E65: Sternguard Veteran Squad | F65: 5 models | G65: Infantry | L65: 100 | M65: Points options: 5 models = 100 pts; 10 models = 200 pts | N65: Matched to Munitorum Field Manual v2.3 | O65: Uploaded PDF: Munitorum Field Manual v2.3 / March 2025, p.32
A66: Space Marines | B66: Space Marines | C66: Vehicle / Support | D66: Vehicle | E66: Storm Speeder Hailstrike | F66: 1 model | G66: Vehicle | L66: 115 | N66: Matched to Munitorum Field Manual v2.3 | O66: Uploaded PDF: Munitorum Field Manual v2.3 / March 2025, p.32
A67: Space Marines | B67: Space Marines | C67: Vehicle / Support | D67: Vehicle | E67: Storm Speeder Hammerstrike | F67: 1 model | G67: Vehicle | L67: 125 | N67: Matched to Munitorum Field Manual v2.3 | O67: Uploaded PDF: Munitorum Field Manual v2.3 / March 2025, p.32
A68: Space Marines | B68: Space Marines | C68: Vehicle / Support | D68: Vehicle | E68: Storm Speeder Thunderstrike | F68: 1 model | G68: Vehicle | L68: 150 | N68: Matched to Munitorum Field Manual v2.3 | O68: Uploaded PDF: Munitorum Field Manual v2.3 / March 2025, p.32
A69: Space Marines | B69: Space Marines | C69: Vehicle / Support | D69: Aircraft | E69: Stormhawk Interceptor | F69: 1 model | G69: Aircraft | L69: 155 | N69: Matched to Munitorum Field Manual v2.3 | O69: Uploaded PDF: Munitorum Field Manual v2.3 / March 2025, p.32
A70: Space Marines | B70: Space Marines | C70: Vehicle / Support | D70: Vehicle | E70: Stormraven Gunship | F70: 1 model | G70: Vehicle | L70: 280 | N70: Matched to Munitorum Field Manual v2.3 | O70: Uploaded PDF: Munitorum Field Manual v2.3 / March 2025, p.32
A71: Space Marines | B71: Space Marines | C71: Vehicle / Support | D71: Vehicle | E71: Stormtalon Gunship | F71: 1 model | G71: Vehicle | L71: 165 | N71: Matched to Munitorum Field Manual v2.3 | O71: Uploaded PDF: Munitorum Field Manual v2.3 / March 2025, p.32
A72: Space Marines | B72: Space Marines | C72: Infantry / Other | D72: Infantry | E72: Suppressor Squad | F72: 3 models | G72: Infantry | L72: 75 | N72: Matched to Munitorum Field Manual v2.3 | O72: Uploaded PDF: Munitorum Field Manual v2.3 / March 2025, p.32
A73: Space Marines | B73: Space Marines | C73: Battleline / Core | D73: Infantry | E73: Tactical Squad | F73: 10 models | G73: Infantry | L73: 140 | N73: Matched to Munitorum Field Manual v2.3 | O73: Uploaded PDF: Munitorum Field Manual v2.3 / March 2025, p.32
A74: Space Marines | B74: Space Marines | C74: Character | D74: Character | E74: Techmarine | F74: 1 model | G74: Character | L74: 55 | N74: Matched to Munitorum Field Manual v2.3 | O74: Uploaded PDF: Munitorum Field Manual v2.3 / March 2025, p.32
A75: Space Marines | B75: Space Marines | C75: Infantry / Other | D75: Infantry | E75: Terminator Assault Squad | F75: 5 models | G75: Infantry | L75: 180 | M75: Points options: 5 models = 180 pts; 10 models = 360 pts | N75: Matched to Munitorum Field Manual v2.3 | O75: Uploaded PDF: Munitorum Field Manual v2.3 / March 2025, p.32
A76: Space Marines | B76: Space Marines | C76: Infantry / Other | D76: Infantry | E76: Terminator Squad | F76: 5 models | G76: Infantry | L76: 170 | M76: Points options: 5 models = 170 pts; 10 models = 340 pts | N76: Matched to Munitorum Field Manual v2.3 | O76: Uploaded PDF: Munitorum Field Manual v2.3 / March 2025, p.32
A77: Imperial Fists | B77: Imperial Fists | C77: Infantry / Other | D77: Infantry | E77: Tor Garadon | F77: 1 model | G77: Infantry | L77: 90 | N77: Matched to Munitorum Field Manual v2.3 | O77: Uploaded PDF: Munitorum Field Manual v2.3 / March 2025, p.32
A78: Ultramarines | B78: Ultramarines | C78: Infantry / Other | D78: Infantry | E78: Uriel Ventris | F78: 1 model | G78: Infantry | L78: 95 | N78: Matched to Munitorum Field Manual v2.3 | O78: Uploaded PDF: Munitorum Field Manual v2.3 / March 2025, p.32
A79: Space Marines | B79: Space Marines | C79: Infantry / Other | D79: Infantry | E79: Vanguard Veteran Squad with Jump Packs | F79: 5 models | G79: Infantry | L79: 110 | M79: Points options: 5 models = 110 pts; 10 models = 220 pts | N79: Matched to Munitorum Field Manual v2.3 | O79: Uploaded PDF: Munitorum Field Manual v2.3 / March 2025, p.32
A80: Space Marines | B80: Space Marines | C80: Vehicle / Support | D80: Vehicle | E80: Vindicator | F80: 1 model | G80: Vehicle | L80: 185 | N80: Matched to Munitorum Field Manual v2.3 | O80: Uploaded PDF: Munitorum Field Manual v2.3 / March 2025, p.32
A81: Space Marines | B81: Space Marines | C81: Vehicle / Support | D81: Vehicle | E81: Whirlwind | F81: 1 model | G81: Vehicle | L81: 190 | N81: Matched to Munitorum Field Manual v2.3 | O81: Uploaded PDF: Munitorum Field Manual v2.3 / March 2025, p.32
A82: Blood Angels | B82: Blood Angels | C82: Infantry / Other | D82: Infantry | E82: Astorath | F82: 1 model | G82: Infantry | L82: 105 | N82: Matched to Munitorum Field Manual v2.3 | O82: Uploaded PDF: Munitorum Field Manual v2.3 / March 2025, p.11
A83: Blood Angels | B83: Blood Angels | C83: Vehicle / Support | D83: Vehicle | E83: Baal Predator | F83: 1 model | G83: Vehicle | L83: 135 | N83: Matched to Munitorum Field Manual v2.3 | O83: Uploaded PDF: Munitorum Field Manual v2.3 / March 2025, p.11
A84: Blood Angels | B84: Blood Angels | C84: Character | D84: Character | E84: Blood Angels Captain | F84: 1 model | G84: Character | L84: 80 | N84: Matched to Munitorum Field Manual v2.3 | O84: Uploaded PDF: Munitorum Field Manual v2.3 / March 2025, p.11
A85: Blood Angels | B85: Blood Angels | C85: Character | D85: Character | E85: Chief Librarian Mephiston | F85: 1 model | G85: Character, Psyker | L85: 135 | N85: Matched to Munitorum Field Manual v2.3 | O85: Uploaded PDF: Munitorum Field Manual v2.3 / March 2025, p.11
A86: Blood Angels | B86: Blood Angels | C86: Character | D86: Character | E86: Commander Dante | F86: 1 model | G86: Character, Epic Hero | L86: 130 | N86: Matched to Munitorum Field Manual v2.3 | O86: Uploaded PDF: Munitorum Field Manual v2.3 / March 2025, p.11
A87: Blood Angels | B87: Blood Angels | C87: Vehicle / Support | D87: Walker / Battlesuit | E87: Death Company Dreadnought | F87: 1 model | G87: Walker / Battlesuit | L87: 180 | N87: Matched to Munitorum Field Manual v2.3 | O87: Uploaded PDF: Munitorum Field Manual v2.3 / March 2025, p.11
A88: Blood Angels | B88: Blood Angels | C88: Infantry / Other | D88: Infantry | E88: Death Company Marines | F88: 5 models | G88: Infantry | L88: 85 | M88: Points options: 5 models = 85 pts; 10 models = 160 pts | N88: Matched to Munitorum Field Manual v2.3 | O88: Uploaded PDF: Munitorum Field Manual v2.3 / March 2025, p.11
A89: Blood Angels | B89: Blood Angels | C89: Infantry / Other | D89: Infantry | E89: Death Company Marines with Bolt Rifles | F89: 5 models | G89: Infantry | L89: 85 | M89: Points options: 5 models = 85 pts; 10 models = 160 pts | N89: Matched to Munitorum Field Manual v2.3 | O89: Uploaded PDF: Munitorum Field Manual v2.3 / March 2025, p.11
A90: Blood Angels | B90: Blood Angels | C90: Infantry / Other | D90: Infantry | E90: Death Company Marines with Jump Packs | F90: 5 models | G90: Infantry | L90: 130 | M90: Points options: 5 models = 130 pts; 10 models = 240 pts | N90: Matched to Munitorum Field Manual v2.3 | O90: Uploaded PDF: Munitorum Field Manual v2.3 / March 2025, p.11
A91: Blood Angels | B91: Blood Angels | C91: Vehicle / Support | D91: Walker / Battlesuit | E91: Furioso Dreadnought | G91: Walker / Battlesuit | M91: No matching points entry found in uploaded PDF; verify unit name/current support. | N91: Not found in uploaded PDF | O91: Uploaded PDF: Munitorum Field Manual v2.3 / March 2025
A92: Blood Angels | B92: Blood Angels | C92: Infantry / Other | D92: Infantry | E92: Gabriel Seth | G92: Infantry | M92: No matching points entry found in uploaded PDF; verify unit name/current support. | N92: Not found in uploaded PDF | O92: Uploaded PDF: Munitorum Field Manual v2.3 / March 2025
A93: Blood Angels | B93: Blood Angels | C93: Infantry / Other | D93: Infantry | E93: Lemartes | F93: 1 model | G93: Infantry | L93: 110 | N93: Matched to Munitorum Field Manual v2.3 | O93: Uploaded PDF: Munitorum Field Manual v2.3 / March 2025, p.11
A94: Blood Angels | B94: Blood Angels | C94: Character | D94: Character | E94: Librarian Dreadnought | G94: Character, Psyker | M94: No matching points entry found in uploaded PDF; verify unit name/current support. | N94: Not found in uploaded PDF | O94: Uploaded PDF: Munitorum Field Manual v2.3 / March 2025
A95: Blood Angels | B95: Blood Angels | C95: Infantry / Other | D95: Infantry | E95: Sanguinary Guard | F95: 3 models | G95: Infantry | L95: 130 | M95: Points options: 3 models = 130 pts; 6 models = 260 pts | N95: Matched to Munitorum Field Manual v2.3 | O95: Uploaded PDF: Munitorum Field Manual v2.3 / March 2025, p.11
A96: Blood Angels | B96: Blood Angels | C96: Character | D96: Character | E96: Sanguinary Priest | F96: 1 model | G96: Character | L96: 90 | N96: Matched to Munitorum Field Manual v2.3 | O96: Uploaded PDF: Munitorum Field Manual v2.3 / March 2025, p.11
A97: Blood Angels | B97: Blood Angels | C97: Infantry / Other | D97: Infantry | E97: The Sanguinor | F97: 1 model | G97: Infantry | L97: 140 | N97: Matched to Munitorum Field Manual v2.3 | O97: Uploaded PDF: Munitorum Field Manual v2.3 / March 2025, p.11
A98: Blood Angels | B98: Blood Angels | C98: Infantry / Other | D98: Infantry | E98: Tycho the Lost | G98: Infantry | M98: No matching points entry found in uploaded PDF; verify unit name/current support. | N98: Not found in uploaded PDF | O98: Uploaded PDF: Munitorum Field Manual v2.3 / March 2025
A99: Dark Angels | B99: Dark Angels | C99: Infantry / Other | D99: Infantry | E99: Asmodai | F99: 1 model | G99: Infantry | L99: 70 | N99: Matched to Munitorum Field Manual v2.3 | O99: Uploaded PDF: Munitorum Field Manual v2.3 / March 2025, p.17
A100: Dark Angels | B100: Dark Angels | C100: Infantry / Other | D100: Infantry | E100: Azrael | F100: 1 model | G100: Infantry | L100: 115 | N100: Matched to Munitorum Field Manual v2.3 | O100: Uploaded PDF: Munitorum Field Manual v2.3 / March 2025, p.17
A101: Dark Angels | B101: Dark Angels | C101: Infantry / Other | D101: Infantry | E101: Belial | F101: 1 model | G101: Infantry | L101: 85 | N101: Matched to Munitorum Field Manual v2.3 | O101: Uploaded PDF: Munitorum Field Manual v2.3 / March 2025, p.17
A102: Dark Angels | B102: Dark Angels | C102: Vehicle / Support | D102: Super-heavy Vehicle/Monster | E102: Black Knights | G102: Super-heavy Vehicle/Monster | M102: No matching points entry found in uploaded PDF; verify unit name/current support. | N102: Not found in uploaded PDF | O102: Uploaded PDF: Munitorum Field Manual v2.3 / March 2025
...

Sheet Lists
A1: Factions | B1: Unit Types | C1: Paint Status
A2: Adepta Sororitas | B2: Aircraft | C2: Unpainted
A3: Adeptus Custodes | B3: Beast / Swarm | C3: Primed
A4: Adeptus Mechanicus | B4: Character | C4: Battle Ready
A5: Aeldari | B5: Infantry | C5: Parade Ready
A6: Astra Militarum | B6: Monster | C6: Needs Rework
A7: Black Templars | B7: Mounted / Bike
A8: Blood Angels | B8: Super-heavy Vehicle/Monster
A9: Chaos Daemons | B9: Vehicle
A10: Chaos Knights | B10: Walker / Battlesuit
A11: Chaos Space Marines
A12: Dark Angels
A13: Death Guard
A14: Deathwatch
A15: Drukhari
A16: Emperor's Children
A17: Genestealer Cults
A18: Grey Knights
A19: Harlequins
A20: Imperial Agents
A21: Imperial Knights
A22: Leagues of Votann
... A30: World Eaters

Sheet Dashboard
A1: Warhammer 40,000 10th Edition Catalogue Workbook
A3: Total catalogue rows | B3: =COUNTA('Master Catalogue'!E2:E820) | D3: Faction | E3: Rows | F3: Owned
A4: Factions included | B4: =COUNTA(Lists!A2:A30) | D4: Adepta Sororitas | E4: =COUNTIF('Master Catalogue'!A:A,D4) | F4: =COUNTIFS('Master Catalogue'!A:A,D4,'Master Catalogue'!H:H,"Yes")
A5: Owned rows | B5: =COUNTIF('Master Catalogue'!H2:H820,"Yes") | D5: Adeptus Custodes | E5: =COUNTIF('Master Catalogue'!A:A,D5) | F5: =COUNTIFS('Master Catalogue'!A:A,D5,'Master Catalogue'!H:H,"Yes")
A6: Battle Ready / Parade Ready | B6: =COUNTIF('Master Catalogue'!J2:J820,"Battle Ready")+COUNTIF('Master Catalogue'!J2:J820,"Parade Ready") | D6: Adeptus Mechanicus | E6: =COUNTIF('Master Catalogue'!A:A,D6) | F6: =COUNTIFS('Master Catalogue'!A:A,D6,'Master Catalogue'!H:H,"Yes")
A7: Wishlist High | B7: =COUNTIF('Master Catalogue'!K2:K820,"High") | D7: Aeldari | E7: =COUNTIF('Master Catalogue'!A:A,D7) | F7: =COUNTIFS('Master Catalogue'!A:A,D7,'Master Catalogue'!H:H,"Yes")
A8: Points entered | B8: =COUNT('Master Catalogue'!L2:L820) | D8: Astra Militarum | E8: =COUNTIF('Master Catalogue'!A:A,D8) | F8: =COUNTIFS('Master Catalogue'!A:A,D8,'Master Catalogue'!H:H,"Yes")
D9: Black Templars | E9: =COUNTIF('Master Catalogue'!A:A,D9) | F9: =COUNTIFS('Master Catalogue'!A:A,D9,'Master Catalogue'!H:H,"Yes")
D10: Blood Angels | E10: =COUNTIF('Master Catalogue'!A:A,D10) | F10: =COUNTIFS('Master Catalogue'!A:A,D10,'Master Catalogue'!H:H,"Yes")
D11: Chaos Daemons | E11: =COUNTIF('Master Catalogue'!A:A,D11) | F11: =COUNTIFS('Master Catalogue'!A:A,D11,'Master Catalogue'!H:H,"Yes")
D12: Chaos Knights | E12: =COUNTIF('Master Catalogue'!A:A,D12) | F12: =COUNTIFS('Master Catalogue'!A:A,D12,'Master Catalogue'!H:H,"Yes")
D13: Chaos Space Marines | E13: =COUNTIF('Master Catalogue'!A:A,D13) | F13: =COUNTIFS('Master Catalogue'!A:A,D13,'Master Catalogue'!H:H,"Yes")
D14: Dark Angels | E14: =COUNTIF('Master Catalogue'!A:A,D14) | F14: =COUNTIFS('Master Catalogue'!A:A,D14,'Master Catalogue'!H:H,"Yes")
D15: Death Guard | E15: =COUNTIF('Master Catalogue'!A:A,D15) | F15: =COUNTIFS('Master Catalogue'!A:A,D15,'Master Catalogue'!H:H,"Yes")
D16: Deathwatch | E16: =COUNTIF('Master Catalogue'!A:A,D16) | F16: =COUNTIFS('Master Catalogue'!A:A,D16,'Master Catalogue'!H:H,"Yes")
D17: Drukhari | E17: =COUNTIF('Master Catalogue'!A:A,D17) | F17: =COUNTIFS('Master Catalogue'!A:A,D17,'Master Catalogue'!H:H,"Yes")
D18: Emperor's Children | E18: =COUNTIF('Master Catalogue'!A:A,D18) | F18: =COUNTIFS('Master Catalogue'!A:A,D18,'Master Catalogue'!H:H,"Yes")
D19: Genestealer Cults | E19: =COUNTIF('Master Catalogue'!A:A,D19) | F19: =COUNTIFS('Master Catalogue'!A:A,D19,'Master Catalogue'!H:H,"Yes")
D20: Grey Knights | E20: =COUNTIF('Master Catalogue'!A:A,D20) | F20: =COUNTIFS('Master Catalogue'!A:A,D20,'Master Catalogue'!H:H,"Yes")
... D32: World Eaters | E32: =COUNTIF('Master Catalogue'!A:A,D32) | F32: =COUNTIFS('Master Catalogue'!A:A,D32,'Master Catalogue'!H:H,"Yes")

Sheet Army Builder
A1: Roster Name | B1: Faction | C1: Unit Name | D1: Quantity | E1: Points Each | F1: Line Total | G1: Role | H1: Notes | J1: Army Total | K1: =SUM(F2:F201)
D2: 1 | E2: =IFERROR(XLOOKUP(C2,'Master Catalogue'!$E:$E,'Master Catalogue'!$L:$L),"") | F2: =IF(E2="","",D2*E2) | J2: Target | K2: 2000
D3: 1 | E3: =IFERROR(XLOOKUP(C3,'Master Catalogue'!$E:$E,'Master Catalogue'!$L:$L),"") | F3: =IF(E3="","",D3*E3) | J3: Remaining | K3: =K2-K1
D4: 1 | E4: =IFERROR(XLOOKUP(C4,'Master Catalogue'!$E:$E,'Master Catalogue'!$L:$L),"") | F4: =IF(E4="","",D4*E4) | J4: Rows used | K4: =COUNTA(C2:C201)
D5: 1 | E5: =IFERROR(XLOOKUP(C5,'Master Catalogue'!$E:$E,'Master Catalogue'!$L:$L),"") | F5: =IF(E5="","",D5*E5)
D6: 1 | E6: =IFERROR(XLOOKUP(C6,'Master Catalogue'!$E:$E,'Master Catalogue'!$L:$L),"") | F6: =IF(E6="","",D6*E6)
D7: 1 | E7: =IFERROR(XLOOKUP(C7,'Master Catalogue'!$E:$E,'Master Catalogue'!$L:$L),"") | F7: =IF(E7="","",D7*E7)
D8: 1 | E8: =IFERROR(XLOOKUP(C8,'Master Catalogue'!$E:$E,'Master Catalogue'!$L:$L),"") | F8: =IF(E8="","",D8*E8)
D9: 1 | E9: =IFERROR(XLOOKUP(C9,'Master Catalogue'!$E:$E,'Master Catalogue'!$L:$L),"") | F9: =IF(E9="","",D9*E9)
D10: 1 | E10: =IFERROR(XLOOKUP(C10,'Master Catalogue'!$E:$E,'Master Catalogue'!$L:$L),"") | F10: =IF(E10="","",D10*E10)
D11: 1 | E11: =IFERROR(XLOOKUP(C11,'Master Catalogue'!$E:$E,'Master Catalogue'!$L:$L),"") | F11: =IF(E11="","",D11*E11)
D12: 1 | E12: =IFERROR(XLOOKUP(C12,'Master Catalogue'!$E:$E,'Master Catalogue'!$L:$L),"") | F12: =IF(E12="","",D12*E12)
D13: 1 | E13: =IFERROR(XLOOKUP(C13,'Master Catalogue'!$E:$E,'Master Catalogue'!$L:$L),"") | F13: =IF(E13="","",D13*E13)
D14: 1 | E14: =IFERROR(XLOOKUP(C14,'Master Catalogue'!$E:$E,'Master Catalogue'!$L:$L),"") | F14: =IF(E14="","",D14*E14)
D15: 1 | E15: =IFERROR(XLOOKUP(C15,'Master Catalogue'!$E:$E,'Master Catalogue'!$L:$L),"") | F15: =IF(E15="","",D15*E15)
D16: 1 | E16: =IFERROR(XLOOKUP(C16,'Master Catalogue'!$E:$E,'Master Catalogue'!$L:$L),"") | F16: =IF(E16="","",D16*E16)
... D201: 1 | E201: =IFERROR(XLOOKUP(C201,'Master Catalogue'!$E:$E,'Master Catalogue'!$L:$L),"") | F201: =IF(E201="","",D201*E201)

Sheet Collection Tracker
A1: Faction | B1: Unit Name | C1: Owned Qty | D1: Built Qty | E1: Painted Qty | F1: Target Qty | G1: Gap
A2: Space Marines | B2: Adrax Agatone | G2: =IF(F2="","",F2-C2)
A3: Space Marines | B3: Aggressor Squad | G3: =IF(F3="","",F3-C3)
A4: Space Marines | B4: Ancient | G4: =IF(F4="","",F4-C4)
A5: Space Marines | B5: Apothecary | G5: =IF(F5="","",F5-C5)
A6: Space Marines | B6: Apothecary Biologis | G6: =IF(F6="","",F6-C6)
A7: Space Marines | B7: Assault Intercessor Squad | G7: =IF(F7="","",F7-C7)
A8: Space Marines | B8: Assault Intercessors with Jump Packs | G8: =IF(F8="","",F8-C8)
A9: Space Marines | B9: Ballistus Dreadnought | G9: =IF(F9="","",F9-C9)
A10: Space Marines | B10: Bladeguard Ancient | G10: =IF(F10="","",F10-C10)
A11: Space Marines | B11: Bladeguard Veteran Squad | G11: =IF(F11="","",F11-C11)
A12: Space Marines | B12: Brutalis Dreadnought | G12: =IF(F12="","",F12-C12)
A13: Space Marines | B13: Captain | G13: =IF(F13="","",F13-C13)
... A820: Leagues of Votann | B820: Ûthar the Destined | G820: =IF(F820="","",F820-C820)

Sheet Adepta Sororitas
A1: Faction | B1: Subfaction/Chapter | C1: Battlefield Role | D1: Unit Type | E1: Unit Name | F1: Models | G1: Keywords / Tags | H1: Owned? | I1: Built? | J1: Paint Status | K1: Wishlist Priority | L1: Points | M1: Notes | N1: Verification Status | O1: Source URL
A2: Adepta Sororitas | C2: Infantry / Other | D2: Infantry | E2: Aestred Thurga and Agathae Dolan | F2: 2 models | G2: Infantry | L2: 85 | N2: Matched to Munitorum Field Manual v2.3 | O2: Uploaded PDF: Munitorum Field Manual v2.3 / March 2025, p.2
A3: Adepta Sororitas | C3: Infantry / Other | D3: Infantry | E3: Arco-flagellants | F3: 3 models | G3: Infantry | L3: 45 | M3: Points options: 3 models = 45 pts; 10 models = 140 pts | N3: Matched to Munitorum Field Manual v2.3 | O3: Uploaded PDF: Munitorum Field Manual v2.3 / March 2025, p.2
A4: Adepta Sororitas | C4: Battleline / Core | D4: Infantry | E4: Battle Sisters Squad | F4: 10 models | G4: Infantry | L4: 105 | N4: Matched to Munitorum Field Manual v2.3 | O4: Uploaded PDF: Munitorum Field Manual v2.3 / March 2025, p.2
A5: Adepta Sororitas | C5: Character | D5: Character | E5: Canoness | F5: 1 model | G5: Character | L5: 50 | N5: Matched to Munitorum Field Manual v2.3 | O5: Uploaded PDF: Munitorum Field Manual v2.3 / March 2025, p.2
A6: Adepta Sororitas | C6: Vehicle / Support | D6: Vehicle | E6: Castigator | F6: 1 model | G6: Vehicle | L6: 170 | N6: Matched to Munitorum Field Manual v2.3 | O6: Uploaded PDF: Munitorum Field Manual v2.3 / March 2025, p.2
A7: Adepta Sororitas | C7: Infantry / Other | D7: Infantry | E7: Celestian Sacresants | F7: 5 models | G7: Infantry | L7: 70 | M7: Points options: 5 models = 70 pts; 10 models = 130 pts | N7: Matched to Munitorum Field Manual v2.3 | O7: Uploaded PDF: Munitorum Field Manual v2.3 / March 2025, p.2
A8: Adepta Sororitas | C8: Infantry / Other | D8: Infantry | E8: Daemonifuge | F8: 2 models | G8: Infantry | L8: 85 | N8: Matched to Munitorum Field Manual v2.3 | O8: Uploaded PDF: Munitorum Field Manual v2.3 / March 2025, p.2
A9: Adepta Sororitas | C9: Character | D9: Character | E9: Death Cult Assassins | G9: Character | M9: No matching points entry found in uploaded PDF; verify unit name/current support. | N9: Not found in uploaded PDF | O9: Uploaded PDF: Munitorum Field Manual v2.3 / March 2025
A10: Adepta Sororitas | C10: Infantry / Other | D10: Infantry | E10: Dialogus | F10: 1 model | G10: Infantry | L10: 40 | N10: Matched to Munitorum Field Manual v2.3 | O10: Uploaded PDF: Munitorum Field Manual v2.3 / March 2025, p.2
A11: Adepta Sororitas | C11: Infantry / Other | D11: Infantry | E11: Dogmata | F11: 1 model | G11: Infantry | L11: 45 | N11: Matched to Munitorum Field Manual v2.3 | O11: Uploaded PDF: Munitorum Field Manual v2.3 / March 2025, p.2
A12: Adepta Sororitas | C12: Infantry / Other | D12: Infantry | E12: Dominion Squad | F12: 10 models | G12: Infantry | L12: 115 | N12: Matched to Munitorum Field Manual v2.3 | O12: Uploaded PDF: Munitorum Field Manual v2.3 / March 2025, p.2
A13: Adepta Sororitas | C13: Vehicle / Support | D13: Vehicle | E13: Exorcist | F13: 1 model | G13: Vehicle | L13: 210 | N13: Matched to Munitorum Field Manual v2.3 | O13: Uploaded PDF: Munitorum Field Manual v2.3 / March 2025, p.2
A14: Adepta Sororitas | C14: Infantry / Other | D14: Infantry | E14: Hospitaller | F14: 1 model | G14: Infantry | L14: 50 | N14: Matched to Munitorum Field Manual v2.3 | O14: Uploaded PDF: Munitorum Field Manual v2.3 / March 2025, p.2
A15: Adepta Sororitas | C15: Infantry / Other | D15: Infantry | E15: Imagifier | F15: 1 model | G15: Infantry | L15: 65 | N15: Matched to Munitorum Field Manual v2.3 | O15: Uploaded PDF: Munitorum Field Manual v2.3 / March 2025, p.2
A16: Adepta Sororitas | C16: Vehicle / Support | D16: Vehicle | E16: Immolator | F16: 1 model | G16: Vehicle | L16: 125 | N16: Matched to Munitorum Field Manual v2.3 | O16: Uploaded PDF: Munitorum Field Manual v2.3 / March 2025, p.2
A17: Adepta Sororitas | C17: Infantry / Other | D17: Infantry | E17: Junith Eruita | F17: 1 model | G17: Infantry | L17: 90 | N17: Matched to Munitorum Field Manual v2.3 | O17: Uploaded PDF: Munitorum Field Manual v2.3 / March 2025, p.2
A18: Adepta Sororitas | C18: Character | D18: Character | E18: Ministorum Priest | F18: 1 model | G18: Character | L18: 50 | N18: Matched to Munitorum Field Manual v2.3 | O18: Uploaded PDF: Munitorum Field Manual v2.3 / March 2025, p.2
A19: Adepta Sororitas | C19: Infantry / Other | D19: Infantry | E19: Missionary | G19: Infantry | M19: No matching points entry found in uploaded PDF; verify unit name/current support. | N19: Not found in uploaded PDF | O19: Uploaded PDF: Munitorum Field Manual v2.3 / March 2025
A20: Adepta Sororitas | C20: Infantry / Other | D20: Infantry | E20: Mortifiers | F20: 1 model | G20: Infantry | L20: 70 | M20: Points options: 1 model = 70 pts; 2 models = 140 pts | N20: Matched to Munitorum Field Manual v2.3 | O20: Uploaded PDF: Munitorum Field Manual v2.3 / March 2025, p.2
A21: Adepta Sororitas | C21: Infantry / Other | D21: Infantry | E21: Morvenn Vahl | F21: 1 model | G21: Infantry, Epic Hero | L21: 170 | N21: Matched to Munitorum Field Manual v2.3 | O21: Uploaded PDF: Munitorum Field Manual v2.3 / March 2025, p.2
A22: Adepta Sororitas | C22: Character | D22: Character | E22: Palatine | F22: 1 model | G22: Character | L22: 50 | N22: Matched to Munitorum Field Manual v2.3 | O22: Uploaded PDF: Munitorum Field Manual v2.3 / March 2025, p.2
A23: Adepta Sororitas | C23: Vehicle / Support | D23: Walker / Battlesuit | E23: Paragon Warsuits | F23: 3 models | G23: Walker / Battlesuit | L23: 220 | N23: Matched to Munitorum Field Manual v2.3 | O23: Uploaded PDF: Munitorum Field Manual v2.3 / March 2025, p.2
A24: Adepta Sororitas | C24: Infantry / Other | D24: Infantry | E24: Penitent Engines | F24: 1 model | G24: Infantry | L24: 75 | M24: Points options: 1 model = 75 pts; 2 models = 150 pts | N24: Matched to Munitorum Field Manual v2.3 | O24: Uploaded PDF: Munitorum Field Manual v2.3 / March 2025, p.2
A25: Adepta Sororitas | C25: Character | D25: Character | E25: Preacher | G25: Character | M25: No matching points entry found in uploaded PDF; verify unit name/current support. | N25: Not found in uploaded PDF | O25: Uploaded PDF: Munitorum Field Manual v2.3 / March 2025
A26: Adepta Sororitas | C26: Infantry / Other | D26: Infantry | E26: Retributor Squad | F26: 5 models | G26: Infantry | L26: 125 | N26: Matched to Munitorum Field Manual v2.3 | O26: Uploaded PDF: Munitorum Field Manual v2.3 / March 2025, p.2
A27: Adepta Sororitas | C27: Vehicle / Support | D27: Vehicle | E27: Rhino | G27: Vehicle | M27: No matching points entry found in uploaded PDF; verify unit name/current support. | N27: Not found in uploaded PDF | O27: Uploaded PDF: Munitorum Field Manual v2.3 / March 2025
A28: Adepta Sororitas | C28: Infantry / Other | D28: Infantry | E28: Saint Celestine | F28: 3 models | G28: Infantry, Epic Hero | L28: 160 | N28: Matched to Munitorum Field Manual v2.3 | O28: Uploaded PDF: Munitorum Field Manual v2.3 / March 2025, p.2
A29: Adepta Sororitas | C29: Infantry / Other | D29: Infantry | E29: Seraphim Squad | F29: 5 models | G29: Infantry | L29: 85 | M29: Points options: 5 models = 85 pts; 10 models = 170 pts | N29: Matched to Munitorum Field Manual v2.3 | O29: Uploaded PDF: Munitorum Field Manual v2.3 / March 2025, p.2
A30: Adepta Sororitas | C30: Infantry / Other | D30: Infantry | E30: Triumph of Saint Katherine | F30: 1 model | G30: Infantry | L30: 250 | N30: Matched to Munitorum Field Manual v2.3 | O30: Uploaded PDF: Munitorum Field Manual v2.3 / March 2025, p.2
A31: Adepta Sororitas | C31: Infantry / Other | D31: Infantry | E31: Zephyrim Squad | F31: 5 models | G31: Infantry | L31: 80 | M31: Points options: 5 models = 80 pts; 10 models = 160 pts | N31: Matched to Munitorum Field Manual v2.3 | O31: Uploaded PDF: Munitorum Field Manual v2.3 / March 2025, p.2
A32: Adepta Sororitas | C32: Character | D32: Character | E32: Canoness With Jump Pack | F32: 1 model | G32: Character | L32: 75 | N32: Added from current Munitorum Field Manual v4.1 (non-Legends) | O32: https://www.warhammer-community.com/en-gb/downloads/warhammer-40000/
A33: Adepta Sororitas | C33: Infantry / Other | D33: Infantry | E33: Celestian Insidiants | F33: 10 models | G33: Infantry | L33: 120 | N33: Added from current Munitorum Field Manual v4.1 (non-Legends) | O33: https://www.warhammer-community.com/en-gb/downloads/warhammer-40000/
A34: Adepta Sororitas | C34: Character | D34: Character | E34: Intranzia Fraye | F34: 1 model | G34: Character | L34: 150 | N34: Added from current Munitorum Field Manual v4.1 (non-Legends) | O34: https://www.warhammer-community.com/en-gb/downloads/warhammer-40000/
A35: Adepta Sororitas | C35: Infantry / Other | D35: Infantry | E35: Repentia Squad | F35: 5 models | G35: Infantry | L35: 75 | N35: Added from current Munitorum Field Manual v4.1 (non-Legends) | O35: https://www.warhammer-community.com/en-gb/downloads/warhammer-40000/
A36: Adepta Sororitas | C36: Infantry / Other | D36: Infantry | E36: Sanctifiers | F36: 9 models | G36: Infantry | L36: 110 | N36: Added from current Munitorum Field Manual v4.1 (non-Legends) | O36: https://www.warhammer-community.com/en-gb/downloads/warhammer-40000/
A37: Adepta Sororitas | C37: Infantry / Other | D37: Infantry | E37: Sisters Novitiate Squad | F37: 10 models | G37: Infantry | L37: 100 | N37: Added from current Munitorum Field Manual v4.1 (non-Legends) | O37: https://www.warhammer-community.com/en-gb/downloads/warhammer-40000/

Sheet Adeptus Custodes
A1: Faction | B1: Subfaction/Chapter | C1: Battlefield Role | D1: Unit Type | E1: Unit Name | F1: Models | G1: Keywords / Tags | H1: Owned? | I1: Built? | J1: Paint Status | K1: Wishlist Priority | L1: Points | M1: Notes | N1: Verification Status | O1: Source URL
A2: Adeptus Custodes | C2: Infantry / Other | D2: Infantry | E2: Aleya | F2: 1 model | G2: Infantry | L2: 65 | N2: Matched to Munitorum Field Manual v2.3 | O2: Uploaded PDF: Munitorum Field Manual v2.3 / March 2025, p.3
A3: Adeptus Custodes | C3: Infantry / Other | D3: Infantry | E3: Allarus Custodians | F3: 2 models | G3: Infantry | L3: 130 | M3: Points options: 2 models = 130 pts; 3 models = 195 pts; 5 models = 325 pts; 6 models = 390 pts | N3: Matched to Munitorum Field Manual v2.3 | O3: Uploaded PDF: Munitorum Field Manual v2.3 / March 2025, p.3
A4: Adeptus Custodes | C4: Character | D4: Character | E4: Blade Champion | F4: 1 model | G4: Character | L4: 120 | N4: Matched to Munitorum Field Manual v2.3 | O4: Uploaded PDF: Munitorum Field Manual v2.3 / March 2025, p.3
A5: Adeptus Custodes | C5: Infantry / Other | D5: Infantry | E5: Custodian Guard | F5: 4 models | G5: Infantry | L5: 170 | M5: Points options: 4 models = 170 pts; 5 models = 215 pts | N5: Matched to Munitorum Field Manual v2.3 | O5: Uploaded PDF: Munitorum Field Manual v2.3 / March 2025, p.3
A6: Adeptus Custodes | C6: Infantry / Other | D6: Infantry | E6: Custodian Wardens | F6: 4 models | G6: Infantry | L6: 210 | M6: Points options: 4 models = 210 pts; 5 models = 260 pts | N6: Matched to Munitorum Field Manual v2.3 | O6: Uploaded PDF: Munitorum Field Manual v2.3 / March 2025, p.3
A7: Adeptus Custodes | C7: Vehicle / Support | D7: Super-heavy Vehicle/Monster | E7: Knight-Centura | F7: 1 model | G7: Super-heavy Vehicle/Monster | L7: 55 | N7: Matched to Munitorum Field Manual v2.3 | O7: Uploaded PDF: Munitorum Field Manual v2.3 / March 2025, p.3
A8: Adeptus Custodes | C8: Infantry / Other | D8: Infantry | E8: Prosecutors | F8: 4 models | G8: Infantry | L8: 40 | M8: Points options: 4 models = 40 pts; 5 models = 50 pts; 9 models = 90 pts; 10 models = 100 pts | N8: Matched to Munitorum Field Manual v2.3 | O8: Uploaded PDF: Munitorum Field Manual v2.3 / March 2025, p.3
A9: Adeptus Custodes | C9: Character | D9: Character | E9: Shield-Captain | F9: 1 model | G9: Character | L9: 130 | N9: Matched to Munitorum Field Manual v2.3 | O9: Uploaded PDF: Munitorum Field Manual v2.3 / March 2025, p.3
A10: Adeptus Custodes | C10: Character | D10: Character | E10: Shield-Captain in Allarus Terminator Armour | F10: 1 model | G10: Character | L10: 130 | N10: Matched to Munitorum Field Manual v2.3 | O10: Uploaded PDF: Munitorum Field Manual v2.3 / March 2025, p.3
A11: Adeptus Custodes | C11: Character | D11: Character | E11: Shield-Captain on Dawneagle Jetbike | F11: 1 model | G11: Character | L11: 150 | N11: Matched to Munitorum Field Manual v2.3 | O11: Uploaded PDF: Munitorum Field Manual v2.3 / March 2025, p.3
A12: Adeptus Custodes | C12: Infantry / Other | D12: Infantry | E12: Trajann Valoris | F12: 1 model | G12: Infantry, Epic Hero | L12: 140 | N12: Matched to Munitorum Field Manual v2.3 | O12: Uploaded PDF: Munitorum Field Manual v2.3 / March 2025, p.3
A13: Adeptus Custodes | C13: Infantry / Other | D13: Infantry | E13: Valerian | F13: 1 model | G13: Infantry | L13: 110 | N13: Matched to Munitorum Field Manual v2.3 | O13: Uploaded PDF: Munitorum Field Manual v2.3 / March 2025, p.3
A14: Adeptus Custodes | C14: Infantry / Other | D14: Mounted / Bike | E14: Vertus Praetors | F14: 2 models | G14: Mounted / Bike | L14: 150 | M14: Points options: 2 models = 150 pts; 3 models = 225 pts | N14: Matched to Munitorum Field Manual v2.3 | O14: Uploaded PDF: Munitorum Field Manual v2.3 / March 2025, p.3
A15: Adeptus Custodes | C15: Infantry / Other | D15: Infantry | E15: Vigilators | F15: 4 models | G15: Infantry | L15: 50 | M15: Points options: 4 models = 50 pts; 5 models = 65 pts; 9 models = 115 pts; 10 models = 125 pts | N15: Matched to Munitorum Field Manual v2.3 | O15: Uploaded PDF: Munitorum Field Manual v2.3 / March 2025, p.3
A16: Adeptus Custodes | C16: Infantry / Other | D16: Infantry | E16: Witchseekers | F16: 4 models | G16: Infantry | L16: 50 | M16: Points options: 4 models = 50 pts; 5 models = 65 pts; 9 models = 115 pts; 10 models = 125 pts | N16: Matched to Munitorum Field Manual v2.3 | O16: Uploaded PDF: Munitorum Field Manual v2.3 / March 2025, p.3
A17: Adeptus Custodes | C17: Vehicle / Support | D17: Walker / Battlesuit | E17: Venerable Contemptor Dreadnought | F17: 1 model | G17: Walker / Battlesuit | L17: 170 | N17: Matched to Munitorum Field Manual v2.3 | O17: Uploaded PDF: Munitorum Field Manual v2.3 / March 2025, p.3
A18: Adeptus Custodes | C18: Vehicle / Support | D18: Vehicle | E18: Venerable Land Raider | F18: 1 model | G18: Vehicle | L18: 240 | N18: Matched to Munitorum Field Manual v2.3 | O18: Uploaded PDF: Munitorum Field Manual v2.3 / March 2025, p.3
A19: Adeptus Custodes | C19: Infantry / Other | D19: Infantry | E19: Agamatus Custodians | F19: 3 models | G19: Infantry | L19: 225 | N19: Added from current Munitorum Field Manual v4.1 (non-Legends) | O19: https://www.warhammer-community.com/en-gb/downloads/warhammer-40000/
A20: Adeptus Custodes | C20: Vehicle / Support | D20: Vehicle | E20: Anathema Psykana Rhino | F20: 1 model | G20: Vehicle | L20: 75 | N20: Added from current Munitorum Field Manual v4.1 (non-Legends) | O20: https://www.warhammer-community.com/en-gb/downloads/warhammer-40000/
A21: Adeptus Custodes | C21: Infantry / Other | D21: Infantry | E21: Aquilon Custodians | F21: 3 models | G21: Infantry | L21: 195 | N21: Added from current Munitorum Field Manual v4.1 (non-Legends) | O21: https://www.warhammer-community.com/en-gb/downloads/warhammer-40000/
A22: Adeptus Custodes | C22: Vehicle / Support | D22: Vehicle | E22: Ares Gunship | F22: 1 model | G22: Vehicle | L22: 580 | M22: Your 1st Unit Costs: 1 models = 580 pts | Your 2nd + Unit Costs: 1 models = 610 pts | N22: Added from current Munitorum Field Manual v4.1 (non-Legends) | O22: https://www.warhammer-community.com/en-gb/downloads/warhammer-40000/
A23: Adeptus Custodes | C23: Vehicle / Support | D23: Vehicle | E23: Caladius Grav-Tank | F23: 1 model | G23: Vehicle | L23: 210 | M23: Your 1st To 2nd Units Cost: 1 models = 210 pts | Your 3rd + Unit Costs: 1 models = 225 pts | Wargear: Twin arachnus heavy blaze cannon +15 pts | N23: Added from current Munitorum Field Manual v4.1 (non-Legends) | O23: https://www.warhammer-community.com/en-gb/downloads/warhammer-40000/
A24: Adeptus Custodes | C24: Vehicle / Support | D24: Vehicle | E24: Contemptor-Achillus Dreadnought | F24: 1 model | G24: Vehicle | L24: 155 | M24: Your 1st To 2nd Units Cost: 1 models = 155 pts | Your 3rd + Unit Costs: 1 models = 170 pts | N24: Added from current Munitorum Field Manual v4.1 (non-Legends) | O24: https://www.warhammer-community.com/en-gb/downloads/warhammer-40000/
A25: Adeptus Custodes | C25: Vehicle / Support | D25: Vehicle | E25: Contemptor-Galatus Dreadnought | F25: 1 model | G25: Vehicle | L25: 165 | M25: Your 1st To 2nd Units Cost: 1 models = 165 pts | Your 3rd + Unit Costs: 1 models = 180 pts | N25: Added from current Munitorum Field Manual v4.1 (non-Legends) | O25: https://www.warhammer-community.com/en-gb/downloads/warhammer-40000/
A26: Adeptus Custodes | C26: Vehicle / Support | D26: Vehicle | E26: Coronus Grav-Carrier | F26: 1 model | G26: Vehicle | L26: 180 | M26: Your 1st To 2nd Units Cost: 1 models = 180 pts | Your 3rd + Unit Costs: 1 models = 200 pts | N26: Added from current Munitorum Field Manual v4.1 (non-Legends) | O26: https://www.warhammer-community.com/en-gb/downloads/warhammer-40000/
A27: Adeptus Custodes | C27: Infantry / Other | D27: Infantry | E27: Custodian Guard With Adrasite And Pyrithite Spears | F27: 5 models | G27: Infantry | L27: 250 | M27: Your 1st To 3rd Units Cost: 5 models = 250 pts | Your 4th + Unit Costs: 5 models = 260 pts | N27: Added from current Munitorum Field Manual v4.1 (non-Legends) | O27: https://www.warhammer-community.com/en-gb/downloads/warhammer-40000/
A28: Adeptus Custodes | C28: Vehicle / Support | D28: Vehicle | E28: Orion Assault Dropship | F28: 1 model | G28: Vehicle | L28: 690 | M28: Your 1st Unit Costs: 1 models = 690 pts | Your 2nd + Unit Costs: 1 models = 740 pts | N28: Added from current Munitorum Field Manual v4.1 (non-Legends) | O28: https://www.warhammer-community.com/en-gb/downloads/warhammer-40000/
A29: Adeptus Custodes | C29: Vehicle / Support | D29: Vehicle | E29: Pallas Grav-Attack | F29: 1 model | G29: Vehicle | L29: 100 | N29: Added from current Munitorum Field Manual v4.1 (non-Legends) | O29: https://www.warhammer-community.com/en-gb/downloads/warhammer-40000/
A30: Adeptus Custodes | C30: Infantry / Other | D30: Infantry | E30: Sagittarum Custodians | F30: 5 models | G30: Infantry | L30: 225 | N30: Added from current Munitorum Field Manual v4.1 (non-Legends) | O30: https://www.warhammer-community.com/en-gb/downloads/warhammer-40000/
A31: Adeptus Custodes | C31: Vehicle / Support | D31: Vehicle | E31: Telemon Heavy Dreadnought | F31: 1 model | G31: Vehicle | L31: 225 | M31: Your 1st Unit Costs: 1 models = 225 pts | Your 2nd + Unit Costs: 1 models = 245 pts | N31: Added from current Munitorum Field Manual v4.1 (non-Legends) | O31: https://www.warhammer-community.com/en-gb/downloads/warhammer-40000/
A32: Adeptus Custodes | C32: Infantry / Other | D32: Infantry | E32: Venatari Custodians | F32: 3 models | G32: Infantry | L32: 160 | N32: Added from current Munitorum Field Manual v4.1 (non-Legends) | O32: https://www.warhammer-community.com/en-gb/downloads/warhammer-40000/

Sheet Adeptus Mechanicus
A1: Faction | B1: Subfaction/Chapter | C1: Battlefield Role | D1: Unit Type | E1: Unit Name | F1: Models | G1: Keywords / Tags | H1: Owned? | I1: Built? | J1: Paint Status | K1: Wishlist Priority | L1: Points | M1: Notes | N1: Verification Status | O1: Source URL
A2: Adeptus Mechanicus | C2: Vehicle / Support | D2: Vehicle | E2: Archaeopter Fusilave | F2: 1 model | G2: Vehicle | L2: 160 | N2: Matched to Munitorum Field Manual v2.3 | O2: Uploaded PDF: Munitorum Field Manual v2.3 / March 2025, p.4
A3: Adeptus Mechanicus | C3: Vehicle / Support | D3: Vehicle | E3: Archaeopter Stratoraptor | F3: 1 model | G3: Vehicle | L3: 185 | N3: Matched to Munitorum Field Manual v2.3 | O3: Uploaded PDF: Munitorum Field Manual v2.3 / March 2025, p.4
A4: Adeptus Mechanicus | C4: Vehicle / Support | D4: Vehicle | E4: Archaeopter Transvector | F4: 1 model | G4: Vehicle | L4: 150 | N4: Matched to Munitorum Field Manual v2.3 | O4: Uploaded PDF: Munitorum Field Manual v2.3 / March 2025, p.4
A5: Adeptus Mechanicus | C5: Infantry / Other | D5: Infantry | E5: Belisarius Cawl | F5: 1 model | G5: Infantry | L5: 135 | N5: Matched to Munitorum Field Manual v2.3 | O5: Uploaded PDF: Munitorum Field Manual v2.3 / March 2025, p.4
A6: Adeptus Mechanicus | C6: Character | D6: Character | E6: Corpuscarii Electro-Priests | F6: 5 models | G6: Character | L6: 65 | M6: Points options: 5 models = 65 pts; 10 models = 130 pts | N6: Matched to Munitorum Field Manual v2.3 | O6: Uploaded PDF: Munitorum Field Manual v2.3 / March 2025, p.4
A7: Adeptus Mechanicus | C7: Infantry / Other | D7: Infantry | E7: Cybernetica Datasmith | F7: 1 model | G7: Infantry | L7: 35 | N7: Matched to Munitorum Field Manual v2.3 | O7: Uploaded PDF: Munitorum Field Manual v2.3 / March 2025, p.4
A8: Adeptus Mechanicus | C8: Character | D8: Character | E8: Fulgurite Electro-Priests | F8: 5 models | G8: Character | L8: 70 | M8: Points options: 5 models = 70 pts; 10 models = 140 pts | N8: Matched to Munitorum Field Manual v2.3 | O8: Uploaded PDF: Munitorum Field Manual v2.3 / March 2025, p.4
A9: Adeptus Mechanicus | C9: Vehicle / Support | D9: Walker / Battlesuit | E9: Ironstrider Ballistarii | F9: 1 model | G9: Walker / Battlesuit | L9: 75 | M9: Points options: 1 model = 75 pts; 2 models = 150 pts; 3 models = 225 pts | N9: Matched to Munitorum Field Manual v2.3 | O9: Uploaded PDF: Munitorum Field Manual v2.3 / March 2025, p.4
A10: Adeptus Mechanicus | C10: Vehicle / Support | D10: Walker / Battlesuit | E10: Kastelan Robots | F10: 2 models | G10: Walker / Battlesuit | L10: 180 | M10: Points options: 2 models = 180 pts; 4 models = 360 pts | N10: Matched to Munitorum Field Manual v2.3 | O10: Uploaded PDF: Munitorum Field Manual v2.3 / March 2025, p.4
A11: Adeptus Mechanicus | C11: Infantry / Other | D11: Infantry | E11: Kataphron Breachers | F11: 3 models | G11: Infantry | L11: 160 | M11: Points options: 3 models = 160 pts; 6 models = 320 pts | N11: Matched to Munitorum Field Manual v2.3 | O11: Uploaded PDF: Munitorum Field Manual v2.3 / March 2025, p.4
A12: Adeptus Mechanicus | C12: Infantry / Other | D12: Infantry | E12: Kataphron Destroyers | F12: 3 models | G12: Infantry | L12: 105 | M12: Points options: 3 models = 105 pts; 6 models = 210 pts | N12: Matched to Munitorum Field Manual v2.3 | O12: Uploaded PDF: Munitorum Field Manual v2.3 / March 2025, p.4
A13: Adeptus Mechanicus | C13: Vehicle / Support | D13: Walker / Battlesuit | E13: Onager Dunecrawler | F13: 1 model | G13: Walker / Battlesuit | L13: 155 | N13: Matched to Munitorum Field Manual v2.3 | O13: Uploaded PDF: Munitorum Field Manual v2.3 / March 2025, p.4
A14: Adeptus Mechanicus | C14: Vehicle / Support | D14: Walker / Battlesuit | E14: Pteraxii Skystalkers | F14: 5 models | G14: Walker / Battlesuit | L14: 70 | M14: Points options: 5 models = 70 pts; 10 models = 140 pts | N14: Matched to Munitorum Field Manual v2.3 | O14: Uploaded PDF: Munitorum Field Manual v2.3 / March 2025, p.4
A15: Adeptus Mechanicus | C15: Infantry / Other | D15: Infantry | E15: Pteraxii Sterylizors | F15: 5 models | G15: Infantry | L15: 80 | M15: Points options: 5 models = 80 pts; 10 models = 160 pts | N15: Matched to Munitorum Field Manual v2.3 | O15: Uploaded PDF: Munitorum Field Manual v2.3 / March 2025, p.4
A16: Adeptus Mechanicus | C16: Infantry / Other | D16: Infantry | E16: Secutarii Hoplites | G16: Infantry | M16: No matching points entry found in uploaded PDF; verify unit name/current support. | N16: Not found in uploaded PDF | O16: Uploaded PDF: Munitorum Field Manual v2.3 / March 2025
A17: Adeptus Mechanicus | C17: Infantry / Other | D17: Infantry | E17: Secutarii Peltasts | G17: Infantry | M17: No matching points entry found in uploaded PDF; verify unit name/current support. | N17: Not found in uploaded PDF | O17: Uploaded PDF: Munitorum Field Manual v2.3 / March 2025
A18: Adeptus Mechanicus | C18: Vehicle / Support | D18: Vehicle | E18: Serberys Raiders | F18: 3 models | G18: Vehicle | L18: 60 | M18: Points options: 3 models = 60 pts; 6 models = 120 pts | N18: Matched to Munitorum Field Manual v2.3 | O18: Uploaded PDF: Munitorum Field Manual v2.3 / March 2025, p.4
A19: Adeptus Mechanicus | C19: Infantry / Other | D19: Mounted / Bike | E19: Serberys Sulphurhounds | F19: 3 models | G19: Mounted / Bike | L19: 55 | M19: Points options: 3 models = 55 pts; 6 models = 110 pts | N19: Matched to Munitorum Field Manual v2.3 | O19: Uploaded PDF: Munitorum Field Manual v2.3 / March 2025, p.4
A20: Adeptus Mechanicus | C20: Infantry / Other | D20: Infantry | E20: Sicarian Infiltrators | F20: 5 models | G20: Infantry | L20: 70 | M20: Points options: 5 models = 70 pts; 10 models = 140 pts | N20: Matched to Munitorum Field Manual v2.3 | O20: Uploaded PDF: Munitorum Field Manual v2.3 / March 2025, p.4
A21: Adeptus Mechanicus | C21: Vehicle / Support | D21: Walker / Battlesuit | E21: Sicarian Ruststalkers | F21: 5 models | G21: Walker / Battlesuit | L21: 75 | M21: Points options: 5 models = 75 pts; 10 models = 150 pts | N21: Matched to Munitorum Field Manual v2.3 | O21: Uploaded PDF: Munitorum Field Manual v2.3 / March 2025, p.4
A22: Adeptus Mechanicus | C22: Character | D22: Character | E22: Skitarii Marshal | F22: 1 model | G22: Character | L22: 35 | N22: Matched to Munitorum Field Manual v2.3 | O22: Uploaded PDF: Munitorum Field Manual v2.3 / March 2025, p.4
A23: Adeptus Mechanicus | C23: Infantry / Other | D23: Infantry | E23: Skitarii Rangers | F23: 10 models | G23: Infantry | L23: 85 | N23: Matched to Munitorum Field Manual v2.3 | O23: Uploaded PDF: Munitorum Field Manual v2.3 / March 2025, p.4
A24: Adeptus Mechanicus | C24: Infantry / Other | D24: Infantry | E24: Skitarii Vanguard | F24: 10 models | G24: Infantry | L24: 95 | N24: Matched to Munitorum Field Manual v2.3 | O24: Uploaded PDF: Munitorum Field Manual v2.3 / March 2025, p.4
A25: Adeptus Mechanicus | C25: Vehicle / Support | D25: Vehicle | E25: Skorpius Disintegrator | F25: 1 model | G25: Vehicle | L25: 175 | N25: Matched to Munitorum Field Manual v2.3 | O25: Uploaded PDF: Munitorum Field Manual v2.3 / March 2025, p.4
A26: Adeptus Mechanicus | C26: Vehicle / Support | D26: Vehicle | E26: Skorpius Dunerider | F26: 1 model | G26: Vehicle | L26: 85 | N26: Matched to Munitorum Field Manual v2.3 | O26: Uploaded PDF: Munitorum Field Manual v2.3 / March 2025, p.4
A27: Adeptus Mechanicus | C27: Vehicle / Support | D27: Walker / Battlesuit | E27: Sydonian Dragoons | G27: Walker / Battlesuit | M27: No matching points entry found in uploaded PDF; verify unit name/current support. | N27: Not found in uploaded PDF | O27: Uploaded PDF: Munitorum Field Manual v2.3 / March 2025
A28: Adeptus Mechanicus | C28: Character | D28: Character | E28: Tech-Priest Dominus | F28: 1 model | G28: Character | L28: 65 | N28: Matched to Munitorum Field Manual v2.3 | O28: Uploaded PDF: Munitorum Field Manual v2.3 / March 2025, p.4
A29: Adeptus Mechanicus | C29: Character | D29: Character | E29: Tech-Priest Enginseer | F29: 1 model | G29: Character | L29: 55 | N29: Matched to Munitorum Field Manual v2.3 | O29: Uploaded PDF: Munitorum Field Manual v2.3 / March 2025, p.4
A30: Adeptus Mechanicus | C30: Character | D30: Character | E30: Tech-Priest Manipulus | F30: 1 model | G30: Character | L30: 60 | N30: Matched to Munitorum Field Manual v2.3 | O30: Uploaded PDF: Munitorum Field Manual v2.3 / March 2025, p.4
A31: Adeptus Mechanicus | C31: Infantry / Other | D31: Infantry | E31: Hastarii Exterminators | F31: 5 models | G31: Infantry | L31: 115 | M31: Your 1st To 2nd Units Cost: 5 models = 115 pts | Your 3rd + Unit Costs: 5 models = 130 pts | N31: Added from current Munitorum Field Manual v4.1 (non-Legends) | O31: https://www.warhammer-community.com/en-gb/downloads/warhammer-40000/
A32: Adeptus Mechanicus | C32: Infantry / Other | D32: Infantry | E32: Hastarii Fusiliers | F32: 5 models | G32: Infantry | L32: 115 | M32: Your 1st To 2nd Units Cost: 5 models = 115 pts | Your 3rd + Unit Costs: 5 models = 130 pts | N32: Added from current Munitorum Field Manual v4.1 (non-Legends) | O32: https://www.warhammer-community.com/en-gb/downloads/warhammer-40000/
A33: Adeptus Mechanicus | C33: Infantry / Other | D33: Infantry | E33: Servitor Battleclade | F33: 9 models | G33: Infantry | L33: 65 | N33: Added from current Munitorum Field Manual v4.1 (non-Legends) | O33: https://www.warhammer-community.com/en-gb/downloads/warhammer-40000/
A34: Adeptus Mechanicus | C34: Infantry / Other | D34: Infantry | E34: Sydonian Dragoons With Radium Jezzails | F34: 1 model | G34: Infantry | L34: 55 | N34: Added from current Munitorum Field Manual v4.1 (non-Legends) | O34: https://www.warhammer-community.com/en-gb/downloads/warhammer-40000/
A35: Adeptus Mechanicus | C35: Infantry / Other | D35: Infantry | E35: Sydonian Dragoons With Taser Lances | F35: 1 model | G35: Infantry | L35: 60 | N35: Added from current Munitorum Field Manual v4.1 (non-Legends) | O35: https://www.warhammer-community.com/en-gb/downloads/warhammer-40000/
A36: Adeptus Mechanicus | C36: Infantry / Other | D36: Infantry | E36: Sydonian Skatros | F36: 1 model | G36: Infantry | L36: 50 | N36: Added from current Munitorum Field Manual v4.1 (non-Legends) | O36: https://www.warhammer-community.com/en-gb/downloads/warhammer-40000/
A37: Adeptus Mechanicus | C37: Character | D37: Character | E37: Technoarcheologist | F37: 1 model | G37: Character | L37: 45 | N37: Added from current Munitorum Field Manual v4.1 (non-Legends) | O37: https://www.warhammer-community.com/en-gb/downloads/warhammer-40000/
A38: Adeptus Mechanicus | C38: Character | D38: Character | E38: Thulia Ghuld | F38: 1 model | G38: Character | L38: 180 | N38: Added from current Munitorum Field Manual v4.1 (non-Legends) | O38: https://www.warhammer-community.com/en-gb/downloads/warhammer-40000/

Sheet Aeldari
A1: Faction | B1: Subfaction/Chapter | C1: Battlefield Role | D1: Unit Type | E1: Unit Name | F1: Models | G1: Keywords / Tags | H1: Owned? | I1: Built? | J1: Paint Status | K1: Wishlist Priority | L1: Points | M1: Notes | N1: Verification Status | O1: Source URL
A2: Aeldari | C2: Infantry / Other | D2: Infantry | E2: Asurmen | F2: 1 model | G2: Infantry | L2: 135 | N2: Matched to Munitorum Field Manual v2.3 | O2: Uploaded PDF: Munitorum Field Manual v2.3 / March 2025, p.6
A3: Aeldari | C3: Character | D3: Character | E3: Autarch | F3: 1 model | G3: Character | L3: 75 | N3: Matched to Munitorum Field Manual v2.3 | O3: Uploaded PDF: Munitorum Field Manual v2.3 / March 2025, p.6
A4: Aeldari | C4: Character | D4: Character | E4: Autarch Skyrunner | G4: Character | M4: No matching points entry found in uploaded PDF; verify unit name/current support. | N4: Not found in uploaded PDF | O4: Uploaded PDF: Munitorum Field Manual v2.3 / March 2025
A5: Aeldari | C5: Character | D5: Character | E5: Autarch Wayleaper | F5: 1 model | G5: Character | L5: 80 | N5: Matched to Munitorum Field Manual v2.3 | O5: Uploaded PDF: Munitorum Field Manual v2.3 / March 2025, p.6
A6: Aeldari | C6: Monster / Heavy Support | D6: Monster | E6: Avatar of Khaine | F6: 1 model | G6: Monster, Epic Hero | L6: 300 | N6: Matched to Munitorum Field Manual v2.3 | O6: Uploaded PDF: Munitorum Field Manual v2.3 / March 2025, p.6
A7: Aeldari | C7: Infantry / Other | D7: Infantry | E7: Baharroth | F7: 1 model | G7: Infantry | L7: 115 | N7: Matched to Munitorum Field Manual v2.3 | O7: Uploaded PDF: Munitorum Field Manual v2.3 / March 2025, p.6
A8: Aeldari | C8: Infantry / Other | D8: Mounted / Bike | E8: Corsair Voidreavers | F8: 5 models | G8: Mounted / Bike | L8: 60 | M8: Points options: 5 models = 60 pts; 10 models = 120 pts | N8: Matched to Munitorum Field Manual v2.3 | O8: Uploaded PDF: Munitorum Field Manual v2.3 / March 2025, p.6
A9: Aeldari | C9: Infantry / Other | D9: Infantry | E9: Corsair Voidscarred | F9: 5 models | G9: Infantry | L9: 80 | M9: Points options: 5 models = 80 pts; 10 models = 160 pts | N9: Matched to Munitorum Field Manual v2.3 | O9: Uploaded PDF: Munitorum Field Manual v2.3 / March 2025, p.6
A10: Aeldari | C10: Vehicle / Support | D10: Aircraft | E10: Crimson Hunter | F10: 1 model | G10: Aircraft | L10: 160 | N10: Matched to Munitorum Field Manual v2.3 | O10: Uploaded PDF: Munitorum Field Manual v2.3 / March 2025, p.6
A11: Aeldari | C11: Infantry / Other | D11: Infantry | E11: Dark Reapers | F11: 5 models | G11: Infantry | L11: 90 | M11: Points options: 5 models = 90 pts; 10 models = 195 pts | N11: Matched to Munitorum Field Manual v2.3 | O11: Uploaded PDF: Munitorum Field Manual v2.3 / March 2025, p.6
A12: Aeldari | C12: Infantry / Other | D12: Infantry | E12: Dire Avengers | F12: 5 models | G12: Infantry | L12: 80 | M12: Points options: 5 models = 80 pts; 10 models = 160 pts | N12: Matched to Munitorum Field Manual v2.3 | O12: Uploaded PDF: Munitorum Field Manual v2.3 / March 2025, p.6
A13: Aeldari | C13: Infantry / Other | D13: Infantry | E13: Eldrad Ulthran | F13: 1 model | G13: Infantry | L13: 110 | N13: Matched to Munitorum Field Manual v2.3 | O13: Uploaded PDF: Munitorum Field Manual v2.3 / March 2025, p.6
A14: Aeldari | C14: Vehicle / Support | D14: Vehicle | E14: Falcon | F14: 1 model | G14: Vehicle | L14: 130 | N14: Matched to Munitorum Field Manual v2.3 | O14: Uploaded PDF: Munitorum Field Manual v2.3 / March 2025, p.6
A15: Aeldari | C15: Character | D15: Character | E15: Farseer | F15: 1 model | G15: Character, Psyker | L15: 70 | N15: Matched to Munitorum Field Manual v2.3 | O15: Uploaded PDF: Munitorum Field Manual v2.3 / March 2025, p.6
A16: Aeldari | C16: Character | D16: Character | E16: Farseer Skyrunner | F16: 1 model | G16: Character, Psyker | L16: 80 | N16: Matched to Munitorum Field Manual v2.3 | O16: Uploaded PDF: Munitorum Field Manual v2.3 / March 2025, p.6
A17: Aeldari | C17: Infantry / Other | D17: Infantry | E17: Fire Dragons | F17: 5 models | G17: Infantry | L17: 110 | M17: Points options: 5 models = 110 pts; 10 models = 220 pts | N17: Matched to Munitorum Field Manual v2.3 | O17: Uploaded PDF: Munitorum Field Manual v2.3 / March 2025, p.6
A18: Aeldari | C18: Vehicle / Support | D18: Vehicle | E18: Fire Prism | F18: 1 model | G18: Vehicle | L18: 160 | N18: Matched to Munitorum Field Manual v2.3 | O18: Uploaded PDF: Munitorum Field Manual v2.3 / March 2025, p.6
A19: Aeldari | C19: Infantry / Other | D19: Infantry | E19: Fuegan | F19: 1 model | G19: Infantry | L19: 120 | N19: Matched to Munitorum Field Manual v2.3 | O19: Uploaded PDF: Munitorum Field Manual v2.3 / March 2025, p.6
A20: Aeldari | C20: Battleline / Core | D20: Infantry | E20: Guardian Defenders | F20: 11 models | G20: Infantry | L20: 100 | N20: Matched to Munitorum Field Manual v2.3 | O20: Uploaded PDF: Munitorum Field Manual v2.3 / March 2025, p.6
A21: Aeldari | C21: Vehicle / Support | D21: Aircraft | E21: Hemlock Wraithfighter | F21: 1 model | G21: Aircraft | L21: 155 | N21: Matched to Munitorum Field Manual v2.3 | O21: Uploaded PDF: Munitorum Field Manual v2.3 / March 2025, p.6
A22: Aeldari | C22: Infantry / Other | D22: Infantry | E22: Howling Banshees | F22: 5 models | G22: Infantry | L22: 90 | M22: Points options: 5 models = 90 pts; 10 models = 180 pts | N22: Matched to Munitorum Field Manual v2.3 | O22: Uploaded PDF: Munitorum Field Manual v2.3 / March 2025, p.6
A23: Aeldari | C23: Infantry / Other | D23: Infantry | E23: Illic Nightspear | G23: Infantry | M23: No matching points entry found in uploaded PDF; verify unit name/current support. | N23: Not found in uploaded PDF | O23: Uploaded PDF: Munitorum Field Manual v2.3 / March 2025
A24: Aeldari | C24: Infantry / Other | D24: Infantry | E24: Jain Zar | F24: 1 model | G24: Infantry | L24: 105 | N24: Matched to Munitorum Field Manual v2.3 | O24: Uploaded PDF: Munitorum Field Manual v2.3 / March 2025, p.6
A25: Aeldari | C25: Infantry / Other | D25: Infantry | E25: Karandras | G25: Infantry | M25: No matching points entry found in uploaded PDF; verify unit name/current support. | N25: Not found in uploaded PDF | O25: Uploaded PDF: Munitorum Field Manual v2.3 / March 2025
A26: Aeldari | C26: Infantry / Other | D26: Infantry | E26: Maugan Ra | F26: 1 model | G26: Infantry | L26: 100 | N26: Matched to Munitorum Field Manual v2.3 | O26: Uploaded PDF: Munitorum Field Manual v2.3 / March 2025, p.6
A27: Aeldari | C27: Vehicle / Support | D27: Vehicle | E27: Night Spinner | F27: 1 model | G27: Vehicle | L27: 190 | N27: Matched to Munitorum Field Manual v2.3 | O27: Uploaded PDF: Munitorum Field Manual v2.3 / March 2025, p.6
A28: Aeldari | C28: Infantry / Other | D28: Infantry | E28: Prince Yriel | G28: Infantry | M28: No matching points entry found in uploaded PDF; verify unit name/current support. | N28: Not found in uploaded PDF | O28: Uploaded PDF: Munitorum Field Manual v2.3 / March 2025
A29: Aeldari | C29: Infantry / Other | D29: Infantry | E29: Rangers | F29: 5 models | G29: Infantry | L29: 55 | M29: Points options: 5 models = 55 pts; 10 models = 110 pts | N29: Matched to Munitorum Field Manual v2.3 | O29: Uploaded PDF: Munitorum Field Manual v2.3 / March 2025, p.6
A30: Aeldari | C30: Infantry / Other | D30: Infantry | E30: Shining Spears | F30: 3 models | G30: Infantry | L30: 120 | M30: Points options: 3 models = 120 pts; 6 models = 240 pts | N30: Matched to Munitorum Field Manual v2.3 | O30: Uploaded PDF: Munitorum Field Manual v2.3 / March 2025, p.6
A31: Aeldari | C31: Infantry / Other | D31: Infantry | E31: Shroud Runners | F31: 3 models | G31: Infantry | L31: 80 | M31: Points options: 3 models = 80 pts; 6 models = 160 pts | N31: Matched to Munitorum Field Manual v2.3 | O31: Uploaded PDF: Munitorum Field Manual v2.3 / March 2025, p.6
A32: Aeldari | C32: Infantry / Other | D32: Infantry | E32: Spiritseer | F32: 1 model | G32: Infantry | L32: 65 | N32: Matched to Munitorum Field Manual v2.3 | O32: Uploaded PDF: Munitorum Field Manual v2.3 / March 2025, p.6
A33: Aeldari | C33: Infantry / Other | D33: Infantry | E33: Striking Scorpions | F33: 5 models | G33: Infantry | L33: 85 | M33: Points options: 5 models = 85 pts; 10 models = 150 pts | N33: Matched to Munitorum Field Manual v2.3 | O33: Uploaded PDF: Munitorum Field Manual v2.3 / March 2025, p.6
A34: Aeldari | C34: Infantry / Other | D34: Infantry | E34: Swooping Hawks | F34: 5 models | G34: Infantry | L34: 85 | M34: Points options: 5 models = 85 pts; 10 models = 170 pts | N34: Matched to Munitorum Field Manual v2.3 | O34: Uploaded PDF: Munitorum Field Manual v2.3 / March 2025, p.6
A35: Aeldari | C35: Infantry / Other | D35: Infantry | E35: Support Weapons | F35: 1 model | G35: Infantry | L35: 125 | N35: Matched to Munitorum Field Manual v2.3 | O35: Uploaded PDF: Munitorum Field Manual v2.3 / March 2025, p.6
A36: Aeldari | C36: Infantry / Other | D36: Infantry | E36: The Visarch | F36: 1 model | G36: Infantry | L36: 90 | N36: Matched to Munitorum Field Manual v2.3 | O36: Uploaded PDF: Munitorum Field Manual v2.3 / March 2025, p.7
A37: Aeldari | C37: Monster / Heavy Support | D37: Monster | E37: The Yncarne | F37: 1 model | G37: Monster, Epic Hero | L37: 250 | N37: Matched to Munitorum Field Manual v2.3 | O37: Uploaded PDF: Munitorum Field Manual v2.3 / March 2025, p.7
A38: Aeldari | C38: Infantry / Other | D38: Infantry | E38: Troupe | F38: 5 models | G38: Infantry | L38: 85 | M38: Points options: 5 models = 85 pts; 6 models = 100 pts; 11 models = 190 pts; 12 models = 205 pts | N38: Matched to Munitorum Field Manual v2.3 | O38: Uploaded PDF: Munitorum Field Manual v2.3 / March 2025, p.6
A39: Aeldari | C39: Vehicle / Support | D39: Vehicle | E39: Vypers | F39: 1 model | G39: Vehicle | L39: 65 | M39: Points options: 1 model = 65 pts; 2 models = 130 pts | N39: Matched to Munitorum Field Manual v2.3 | O39: Uploaded PDF: Munitorum Field Manual v2.3 / March 2025, p.6
A40: Aeldari | C40: Vehicle / Support | D40: Vehicle | E40: War Walker | F40: 1 model | G40: Vehicle | L40: 95 | M40: Points options: 1 model = 95 pts; 2 models = 190 pts | N40: Matched to Munitorum Field Manual v2.3 | O40: Uploaded PDF: Munitorum Field Manual v2.3 / March 2025, p.6
A41: Aeldari | C41: Character | D41: Character | E41: Warlock | F41: 1 model | G41: Character, Psyker | L41: 45 | N41: Matched to Munitorum Field Manual v2.3 | O41: Uploaded PDF: Munitorum Field Manual v2.3 / March 2025, p.6
A42: Aeldari | C42: Character | D42: Character | E42: Warlock Conclave | F42: 2 models | G42: Character, Psyker | L42: 55 | M42: Points options: 2 models = 55 pts; 4 models = 110 pts | N42: Matched to Munitorum Field Manual v2.3 | O42: Uploaded PDF: Munitorum Field Manual v2.3 / March 2025, p.6
A43: Aeldari | C43: Character | D43: Character | E43: Warlock Skyrunner | F43: 1 model | G43: Character, Psyker | L43: 45 | M43: Points options: 1 model = 45 pts; 2 models = 90 pts | N43: Matched to Munitorum Field Manual v2.3 | O43: Uploaded PDF: Munitorum Field Manual v2.3 / March 2025, p.6
A44: Aeldari | C44: Character | D44: Character | E44: Warlock Skyrunner Conclave | F44: 1 model | G44: Character, Psyker | L44: 45 | M44: Points options: 1 model = 45 pts; 2 models = 90 pts | N44: Matched to Munitorum Field Manual v2.3 | O44: Uploaded PDF: Munitorum Field Manual v2.3 / March 2025, p.6
A45: Aeldari | C45: Infantry / Other | D45: Infantry | E45: Warp Spiders | F45: 5 models | G45: Infantry | L45: 95 | M45: Points options: 5 models = 95 pts; 10 models = 190 pts | N45: Matched to Munitorum Field Manual v2.3 | O45: Uploaded PDF: Munitorum Field Manual v2.3 / March 2025, p.6
A46: Aeldari | C46: Vehicle / Support | D46: Vehicle | E46: Wave Serpent | F46: 1 model | G46: Vehicle | L46: 125 | N46: Matched to Munitorum Field Manual v2.3 | O46: Uploaded PDF: Munitorum Field Manual v2.3 / March 2025, p.6
A47: Aeldari | C47: Infantry / Other | D47: Infantry | E47: Webway Gate | G47: Infantry | M47: No matching points entry found in uploaded PDF; verify unit name/current support. | N47: Not found in uploaded PDF | O47: Uploaded PDF: Munitorum Field Manual v2.3 / March 2025
A48: Aeldari | C48: Infantry / Other | D48: Infantry | E48: Windriders | F48: 3 models | G48: Infantry | L48: 80 | M48: Points options: 3 models = 80 pts; 6 models = 160 pts | N48: Matched to Munitorum Field Manual v2.3 | O48: Uploaded PDF: Munitorum Field Manual v2.3 / March 2025, p.6
A49: Aeldari | C49: Infantry / Other | D49: Infantry | E49: Wraithblades | F49: 5 models | G49: Infantry | L49: 170 | N49: Matched to Munitorum Field Manual v2.3 | O49: Uploaded PDF: Munitorum Field Manual v2.3 / March 2025, p.6
A50: Aeldari | C50: Infantry / Other | D50: Infantry | E50: Wraithguard | F50: 5 models | G50: Infantry | L50: 170 | N50: Matched to Munitorum Field Manual v2.3 | O50: Uploaded PDF: Munitorum Field Manual v2.3 / March 2025, p.6
A51: Aeldari | C51: Vehicle / Support | D51: Super-heavy Vehicle/Monster | E51: Wraithknight | F51: 1 model | G51: Super-heavy Vehicle/Monster | L51: 435 | N51: Matched to Munitorum Field Manual v2.3 | O51: Uploaded PDF: Munitorum Field Manual v2.3 / March 2025, p.6
A52: Aeldari | C52: Character | D52: Character | E52: Wraithlord | F52: 1 model | G52: Character | L52: 140 | N52: Matched to Munitorum Field Manual v2.3 | O52: Uploaded PDF: Munitorum Field Manual v2.3 / March 2025, p.6
A53: Aeldari | C53: Infantry / Other | D53: Infantry | E53: Yvraine | F53: 1 model | G53: Infantry | L53: 100 | N53: Matched to Munitorum Field Manual v2.3 | O53: Uploaded PDF: Munitorum Field Manual v2.3 / March 2025, p.7
A54: Aeldari | C54: Infantry / Other | D54: Infantry | E54: Corsair Skyreavers | F54: 5 models | G54: Infantry | L54: 80 | M54: Your 1st To 2nd Units Cost: 5 models = 80 pts; 10 models = 150 pts | Your 3rd + Unit Costs: 5 models = 90 pts; 10 models = 160 pts | N54: Added from current Munitorum Field Manual v4.1 (non-Legends) | O54: https://www.warhammer-community.com/en-gb/downloads/warhammer-40000/
A55: Aeldari | C55: Infantry / Other | D55: Infantry | E55: D-Cannon Platform | F55: 1 model | G55: Infantry | L55: 110 | M55: Your 1st Unit Costs: 1 models = 110 pts | Your 2nd + Unit Costs: 1 models = 125 pts | N55: Added from current Munitorum Field Manual v4.1 (non-Legends) | O55: https://www.warhammer-community.com/en-gb/downloads/warhammer-40000/
A56: Aeldari | C56: Infantry / Other | D56: Infantry | E56: Death Jester | F56: 1 model | G56: Infantry | L56: 80 | N56: Added from current Munitorum Field Manual v4.1 (non-Legends) | O56: https://www.warhammer-community.com/en-gb/downloads/warhammer-40000/
A57: Aeldari | C57: Character | D57: Character | E57: Kharseth | F57: 1 model | G57: Character | L57: 85 | N57: Added from current Munitorum Field Manual v4.1 (non-Legends) | O57: https://www.warhammer-community.com/en-gb/downloads/warhammer-40000/
A58: Aeldari | C58: Character | D58: Character | E58: Lhykhis | F58: 1 model | G58: Character | L58: 135 | N58: Added from current Munitorum Field Manual v4.1 (non-Legends) | O58: https://www.warhammer-community.com/en-gb/downloads/warhammer-40000/
A59: Aeldari | C59: Vehicle / Support | D59: Vehicle | E59: Phantom Titan | F59: 1 model | G59: Vehicle | L59: 2100 | N59: Added from current Munitorum Field Manual v4.1 (non-Legends) | O59: https://www.warhammer-community.com/en-gb/downloads/warhammer-40000/
A60: Aeldari | C60: Vehicle / Support | D60: Vehicle | E60: Revenant Titan | F60: 1 model | G60: Vehicle | L60: 1100 | N60: Added from current Munitorum Field Manual v4.1 (non-Legends) | O60: https://www.warhammer-community.com/en-gb/downloads/warhammer-40000/
A61: Aeldari | C61: Infantry / Other | D61: Infantry | E61: Shadow Weaver Platform | F61: 1 model | G61: Infantry | L61: 60 | N61: Added from current Munitorum Field Manual v4.1 (non-Legends) | O61: https://www.warhammer-community.com/en-gb/downloads/warhammer-40000/
A62: Aeldari | C62: Character | D62: Character | E62: Shadowseer | F62: 1 model | G62: Character | L62: 60 | N62: Added from current Munitorum Field Manual v4.1 (non-Legends) | O62: https://www.warhammer-community.com/en-gb/downloads/warhammer-40000/
A63: Aeldari | C63: Infantry / Other | D63: Infantry | E63: Skyweavers | F63: 2 models | G63: Infantry | L63: 105 | N63: Added from current Munitorum Field Manual v4.1 (non-Legends) | O63: https://www.warhammer-community.com/en-gb/downloads/warhammer-40000/
A64: Aeldari | C64: Infantry / Other | D64: Infantry | E64: Solitaire | F64: 1 model | G64: Infantry | L64: 115 | N64: Added from current Munitorum Field Manual v4.1 (non-Legends) | O64: https://www.warhammer-community.com/en-gb/downloads/warhammer-40000/
A65: Aeldari | C65: Infantry / Other | D65: Infantry | E65: Starfangs | F65: 1 model | G65: Infantry | L65: 70 | N65: Added from current Munitorum Field Manual v4.1 (non-Legends) | O65: https://www.warhammer-community.com/en-gb/downloads/warhammer-40000/
A66: Aeldari | C66: Infantry / Other | D66: Infantry | E66: Starweaver | F66: 1 model | G66: Infantry | L66: 80 | N66: Added from current Munitorum Field Manual v4.1 (non-Legends) | O66: https://www.warhammer-community.com/en-gb/downloads/warhammer-40000/
A67: Aeldari | C67: Infantry / Other | D67: Infantry | E67: Storm Guardians | F67: 11 models | G67: Infantry | L67: 110 | N67: Added from current Munitorum Field Manual v4.1 (non-Legends) | O67: https://www.warhammer-community.com/en-gb/downloads/warhammer-40000/
... A73: Aeldari | C73: Character | D73: Character | E73: Warlock Skyrunners | F73: 1 model | G73: Character | L73: 45 | N73: Added from current Munitorum Field Manual v4.1 (non-Legends) | O73: https://www.warhammer-community.com/en-gb/downloads/warhammer-40000/
A74: Aeldari | C74: Infantry / Other | D74: Infantry | E74: Wraithknight With Ghostglaive | F74: 1 model | G74: Infantry | L74: 405 | M74: Your 1st Unit Costs: 1 models = 405 pts | Your 2nd + Unit Costs: 1 models = 425 pts | N74: Added from current Munitorum Field Manual v4.1 (non-Legends) | O74: https://www.warhammer-community.com/en-gb/downloads/warhammer-40000/
A75: Aeldari | C75: Character | D75: Character | E75: Ynnari Archon | F75: 1 model | G75: Character | L75: 85 | N75: Added from current Munitorum Field Manual v4.1 (non-Legends) | O75: https://www.warhammer-community.com/en-gb/downloads/warhammer-40000/
A76: Aeldari | C76: Infantry / Other | D76: Infantry | E76: Ynnari Incubi | F76: 5 models | G76: Infantry | L76: 80 | M76: Your 1st To 2nd Units Cost: 5 models = 80 pts; 10 models = 160 pts | Your 3rd + Unit Costs: 5 models = 90 pts; 10 models = 170 pts | N76: Added from current Munitorum Field Manual v4.1 (non-Legends) | O76: https://www.warhammer-community.com/en-gb/downloads/warhammer-40000/
A77: Aeldari | C77: Infantry / Other | D77: Infantry | E77: Ynnari Kabalite Warriors | F77: 10 models | G77: Infantry | L77: 110 | N77: Added from current Munitorum Field Manual v4.1 (non-Legends) | O77: https://www.warhammer-community.com/en-gb/downloads/warhammer-40000/
A78: Aeldari | C78: Vehicle / Support | D78: Vehicle | E78: Ynnari Raider | F78: 1 model | G78: Vehicle | L78: 80 | N78: Added from current Munitorum Field Manual v4.1 (non-Legends) | O78: https://www.warhammer-community.com/en-gb/downloads/warhammer-40000/
A79: Aeldari | C79: Infantry / Other | D79: Infantry | E79: Ynnari Reavers | F79: 3 models | G79: Infantry | L79: 65 | N79: Added from current Munitorum Field Manual v4.1 (non-Legends) | O79: https://www.warhammer-community.com/en-gb/downloads/warhammer-40000/
A80: Aeldari | C80: Character | D80: Character | E80: Ynnari Succubus | F80: 1 model | G80: Character | L80: 45 | N80: Added from current Munitorum Field Manual v4.1 (non-Legends) | O80: https://www.warhammer-community.com/en-gb/downloads/warhammer-40000/
A81: Aeldari | C81: Infantry / Other | D81: Infantry | E81: Ynnari Venom | F81: 1 model | G81: Infantry | L81: 70 | N81: Added from current Munitorum Field Manual v4.1 (non-Legends) | O81: https://www.warhammer-community.com/en-gb/downloads/warhammer-40000/
A82: Aeldari | C82: Infantry / Other | D82: Infantry | E82: Ynnari Wyches | F82: 10 models | G82: Infantry | L82: 90 | N82: Added from current Munitorum Field Manual v4.1 (non-Legends) | O82: https://www.warhammer-community.com/en-gb/downloads/warhammer-40000/

Sheet Astra Militarum
A1: Faction | B1: Subfaction/Chapter | C1: Battlefield Role | D1: Unit Type | E1: Unit Name | F1: Models | G1: Keywords / Tags | H1: Owned? | I1: Built? | J1: Paint Status | K1: Wishlist Priority | L1: Points | M1: Notes | N1: Verification Status | O1: Source URL
A2: Astra Militarum | C2: Vehicle / Support | D2: Walker / Battlesuit | E2: Armoured Sentinels | F2: 1 model | G2: Walker / Battlesuit | L2: 65 | M2: Points options: 1 model = 65 pts; 2 models = 130 pts | N2: Matched to Munitorum Field Manual v2.3 | O2: Uploaded PDF: Munitorum Field Manual v2.3 / March 2025, p.8
A3: Astra Militarum | C3: Infantry / Other | D3: Mounted / Bike | E3: Attilan Rough Riders | F3: 5 models | G3: Mounted / Bike | L3: 60 | M3: Points options: 5 models = 60 pts; 10 models = 120 pts | N3: Matched to Munitorum Field Manual v2.3 | O3: Uploaded PDF: Munitorum Field Manual v2.3 / March 2025, p.8
A4: Astra Militarum | C4: Vehicle / Support | D4: Super-heavy Vehicle/Monster | E4: Baneblade | F4: 1 model | G4: Super-heavy Vehicle/Monster | L4: 480 | N4: Matched to Munitorum Field Manual v2.3 | O4: Uploaded PDF: Munitorum Field Manual v2.3 / March 2025, p.8
A5: Astra Militarum | C5: Vehicle / Support | D5: Super-heavy Vehicle/Monster | E5: Banehammer | F5: 1 model | G5: Super-heavy Vehicle/Monster | L5: 450 | N5: Matched to Munitorum Field Manual v2.3 | O5: Uploaded PDF: Munitorum Field Manual v2.3 / March 2025, p.8
A6: Astra Militarum | C6: Vehicle / Support | D6: Super-heavy Vehicle/Monster | E6: Banesword | F6: 1 model | G6: Super-heavy Vehicle/Monster | L6: 480 | N6: Matched to Munitorum Field Manual v2.3 | O6: Uploaded PDF: Munitorum Field Manual v2.3 / March 2025, p.8
A7: Astra Militarum | C7: Vehicle / Support | D7: Vehicle | E7: Basilisk | F7: 1 model | G7: Vehicle | L7: 140 | N7: Matched to Munitorum Field Manual v2.3 | O7: Uploaded PDF: Munitorum Field Manual v2.3 / March 2025, p.8
A8: Astra Militarum | C8: Infantry / Other | D8: Infantry | E8: Bullgryn Squad | F8: 3 models | G8: Infantry | L8: 110 | M8: Points options: 3 models = 110 pts; 6 models = 220 pts | N8: Matched to Munitorum Field Manual v2.3 | O8: Uploaded PDF: Munitorum Field Manual v2.3 / March 2025, p.8
A9: Astra Militarum | C9: Infantry / Other | D9: Infantry | E9: Cadian Castellan | F9: 1 model | G9: Infantry | L9: 55 | N9: Matched to Munitorum Field Manual v2.3 | O9: Uploaded PDF: Munitorum Field Manual v2.3 / March 2025, p.8
A10: Astra Militarum | C10: Infantry / Other | D10: Infantry | E10: Cadian Command Squad | F10: 5 models | G10: Infantry | L10: 65 | N10: Matched to Munitorum Field Manual v2.3 | O10: Uploaded PDF: Munitorum Field Manual v2.3 / March 2025, p.8
A11: Astra Militarum | C11: Battleline / Core | D11: Infantry | E11: Cadian Shock Troops | F11: 10 models | G11: Infantry | L11: 65 | M11: Points options: 10 models = 65 pts; 20 models = 120 pts | N11: Matched to Munitorum Field Manual v2.3 | O11: Uploaded PDF: Munitorum Field Manual v2.3 / March 2025, p.8
A12: Astra Militarum | C12: Infantry / Other | D12: Infantry | E12: Catachan Jungle Fighters | F12: 10 models | G12: Infantry | L12: 65 | M12: Points options: 10 models = 65 pts; 20 models = 120 pts | N12: Matched to Munitorum Field Manual v2.3 | O12: Uploaded PDF: Munitorum Field Manual v2.3 / March 2025, p.8
A13: Astra Militarum | C13: Vehicle / Support | D13: Vehicle | E13: Chimera | F13: 1 model | G13: Vehicle | L13: 85 | N13: Matched to Munitorum Field Manual v2.3 | O13: Uploaded PDF: Munitorum Field Manual v2.3 / March 2025, p.8
A14: Astra Militarum | C14: Character | D14: Character | E14: Commissar | F14: 1 model | G14: Character | L14: 30 | N14: Matched to Munitorum Field Manual v2.3 | O14: Uploaded PDF: Munitorum Field Manual v2.3 / March 2025, p.8
A15: Astra Militarum | C15: Character | D15: Character | E15: Death Korps Marshal | G15: Character | M15: No matching points entry found in uploaded PDF; verify unit name/current support. | N15: Not found in uploaded PDF | O15: Uploaded PDF: Munitorum Field Manual v2.3 / March 2025
A16: Astra Militarum | C16: Infantry / Other | D16: Infantry | E16: Death Korps of Krieg | F16: 10 models | G16: Infantry | L16: 65 | M16: Points options: 10 models = 65 pts; 20 models = 130 pts | N16: Matched to Munitorum Field Manual v2.3 | O16: Uploaded PDF: Munitorum Field Manual v2.3 / March 2025, p.8
A17: Astra Militarum | C17: Vehicle / Support | D17: Super-heavy Vehicle/Monster | E17: Doomhammer | F17: 1 model | G17: Super-heavy Vehicle/Monster | L17: 445 | N17: Matched to Munitorum Field Manual v2.3 | O17: Uploaded PDF: Munitorum Field Manual v2.3 / March 2025, p.8
A18: Astra Militarum | C18: Infantry / Other | D18: Infantry | E18: Earthshaker Carriage Battery | G18: Infantry | M18: No matching points entry found in uploaded PDF; verify unit name/current support. | N18: Not found in uploaded PDF | O18: Uploaded PDF: Munitorum Field Manual v2.3 / March 2025
A19: Astra Militarum | C19: Infantry / Other | D19: Infantry | E19: Field Ordnance Battery | F19: 2 models | G19: Infantry | L19: 110 | N19: Matched to Munitorum Field Manual v2.3 | O19: Uploaded PDF: Munitorum Field Manual v2.3 / March 2025, p.8
A20: Astra Militarum | C20: Character | D20: Character | E20: Gaunt's Ghosts | F20: 6 models | G20: Character | L20: 110 | N20: Matched to Munitorum Field Manual v2.3 | O20: Uploaded PDF: Munitorum Field Manual v2.3 / March 2025, p.8
A21: Astra Militarum | C21: Infantry / Other | D21: Infantry | E21: Heavy Weapons Squad | G21: Infantry | M21: No matching points entry found in uploaded PDF; verify unit name/current support. | N21: Not found in uploaded PDF | O21: Uploaded PDF: Munitorum Field Manual v2.3 / March 2025
A22: Astra Militarum | C22: Vehicle / Support | D22: Super-heavy Vehicle/Monster | E22: Hellhammer | F22: 1 model | G22: Super-heavy Vehicle/Monster | L22: 450 | N22: Matched to Munitorum Field Manual v2.3 | O22: Uploaded PDF: Munitorum Field Manual v2.3 / March 2025, p.8
A23: Astra Militarum | C23: Vehicle / Support | D23: Vehicle | E23: Hellhound | F23: 1 model | G23: Vehicle | L23: 125 | N23: Matched to Munitorum Field Manual v2.3 | O23: Uploaded PDF: Munitorum Field Manual v2.3 / March 2025, p.8
A24: Astra Militarum | C24: Vehicle / Support | D24: Vehicle | E24: Hydra | F24: 1 model | G24: Vehicle | L24: 95 | N24: Matched to Munitorum Field Manual v2.3 | O24: Uploaded PDF: Munitorum Field Manual v2.3 / March 2025, p.8
A25: Astra Militarum | C25: Battleline / Core | D25: Infantry | E25: Infantry Squad | G25: Infantry | M25: No matching points entry found in uploaded PDF; verify unit name/current support. | N25: Not found in uploaded PDF | O25: Uploaded PDF: Munitorum Field Manual v2.3 / March 2025
A26: Astra Militarum | C26: Infantry / Other | D26: Infantry | E26: Kasrkin | F26: 10 models | G26: Infantry | L26: 110 | N26: Matched to Munitorum Field Manual v2.3 | O26: Uploaded PDF: Munitorum Field Manual v2.3 / March 2025, p.8
A27: Astra Militarum | C27: Vehicle / Support | D27: Vehicle | E27: Leman Russ Battle Tank | F27: 1 model | G27: Vehicle | L27: 175 | N27: Matched to Munitorum Field Manual v2.3 | O27: Uploaded PDF: Munitorum Field Manual v2.3 / March 2025, p.8
A28: Astra Militarum | C28: Vehicle / Support | D28: Vehicle | E28: Leman Russ Demolisher | F28: 1 model | G28: Vehicle | L28: 190 | N28: Matched to Munitorum Field Manual v2.3 | O28: Uploaded PDF: Munitorum Field Manual v2.3 / March 2025, p.8
A29: Astra Militarum | C29: Vehicle / Support | D29: Vehicle | E29: Leman Russ Eradicator | F29: 1 model | G29: Vehicle | L29: 170 | N29: Matched to Munitorum Field Manual v2.3 | O29: Uploaded PDF: Munitorum Field Manual v2.3 / March 2025, p.8
A30: Astra Militarum | C30: Vehicle / Support | D30: Vehicle | E30: Leman Russ Executioner | F30: 1 model | G30: Vehicle | L30: 170 | N30: Matched to Munitorum Field Manual v2.3 | O30: Uploaded PDF: Munitorum Field Manual v2.3 / March 2025, p.8
A31: Astra Militarum | C31: Vehicle / Support | D31: Vehicle | E31: Leman Russ Exterminator | F31: 1 model | G31: Vehicle | L31: 180 | N31: Matched to Munitorum Field Manual v2.3 | O31: Uploaded PDF: Munitorum Field Manual v2.3 / March 2025, p.8
A32: Astra Militarum | C32: Vehicle / Support | D32: Vehicle | E32: Leman Russ Punisher | F32: 1 model | G32: Vehicle | L32: 150 | N32: Matched to Munitorum Field Manual v2.3 | O32: Uploaded PDF: Munitorum Field Manual v2.3 / March 2025, p.8
A33: Astra Militarum | C33: Vehicle / Support | D33: Vehicle | E33: Leman Russ Vanquisher | F33: 1 model | G33: Vehicle | L33: 145 | N33: Matched to Munitorum Field Manual v2.3 | O33: Uploaded PDF: Munitorum Field Manual v2.3 / March 2025, p.8
A34: Astra Militarum | C34: Character | D34: Character | E34: Lord Solar Leontus | F34: 1 model | G34: Character | L34: 150 | N34: Matched to Munitorum Field Manual v2.3 | O34: Uploaded PDF: Munitorum Field Manual v2.3 / March 2025, p.8
A35: Astra Militarum | C35: Vehicle / Support | D35: Vehicle | E35: Manticore | F35: 1 model | G35: Vehicle | L35: 165 | N35: Matched to Munitorum Field Manual v2.3 | O35: Uploaded PDF: Munitorum Field Manual v2.3 / March 2025, p.8
A36: Astra Militarum | C36: Infantry / Other | D36: Infantry | E36: Militarum Tempestus Command Squad | F36: 5 models | G36: Infantry | L36: 85 | N36: Matched to Munitorum Field Manual v2.3 | O36: Uploaded PDF: Munitorum Field Manual v2.3 / March 2025, p.8
A37: Astra Militarum | C37: Infantry / Other | D37: Infantry | E37: Munitorum Servitors | G37: Infantry | M37: No matching points entry found in uploaded PDF; verify unit name/current support. | N37: Not found in uploaded PDF | O37: Uploaded PDF: Munitorum Field Manual v2.3 / March 2025
A38: Astra Militarum | C38: Infantry / Other | D38: Infantry | E38: Nork Deddog | F38: 1 model | G38: Infantry | L38: 60 | N38: Matched to Munitorum Field Manual v2.3 | O38: Uploaded PDF: Munitorum Field Manual v2.3 / March 2025, p.8
A39: Astra Militarum | C39: Infantry / Other | D39: Infantry | E39: Ogryn Bodyguard | F39: 1 model | G39: Infantry | L39: 40 | N39: Matched to Munitorum Field Manual v2.3 | O39: Uploaded PDF: Munitorum Field Manual v2.3 / March 2025, p.8
A40: Astra Militarum | C40: Infantry / Other | D40: Infantry | E40: Ogryn Squad | F40: 3 models | G40: Infantry | L40: 60 | M40: Points options: 3 models = 60 pts; 6 models = 130 pts | N40: Matched to Munitorum Field Manual v2.3 | O40: Uploaded PDF: Munitorum Field Manual v2.3 / March 2025, p.8
A41: Astra Militarum | C41: Character | D41: Character | E41: Primaris Psyker | F41: 1 model | G41: Character, Psyker | L41: 60 | N41: Matched to Munitorum Field Manual v2.3 | O41: Uploaded PDF: Munitorum Field Manual v2.3 / March 2025, p.8
A42: Astra Militarum | C42: Infantry / Other | D42: Infantry | E42: Ratling Snipers | G42: Infantry | M42: No matching points entry found in uploaded PDF; verify unit name/current support. | N42: Not found in uploaded PDF | O42: Uploaded PDF: Munitorum Field Manual v2.3 / March 2025
A43: Astra Militarum | C43: Infantry / Other | D43: Infantry | E43: Regimental Attachés | G43: Infantry | M43: No matching points entry found in uploaded PDF; verify unit name/current support. | N43: Not found in uploaded PDF | O43: Uploaded PDF: Munitorum Field Manual v2.3 / March 2025
A44: Astra Militarum | C44: Character | D44: Character | E44: Regimental Enginseer | F44: 1 model | G44: Character | L44: 45 | N44: Matched to Munitorum Field Manual v2.3 | O44: Uploaded PDF: Munitorum Field Manual v2.3 / March 2025, p.8
A45: Astra Militarum | C45: Character | D45: Character | E45: Regimental Preacher | F45: 1 model | G45: Character | L45: 35 | N45: Matched to Munitorum Field Manual v2.3 | O45: Uploaded PDF: Munitorum Field Manual v2.3 / March 2025, p.8
A46: Astra Militarum | C46: Vehicle / Support | D46: Vehicle | E46: Rogal Dorn Battle Tank | F46: 1 model | G46: Vehicle | L46: 240 | N46: Matched to Munitorum Field Manual v2.3 | O46: Uploaded PDF: Munitorum Field Manual v2.3 / March 2025, p.8
A47: Astra Militarum | C47: Vehicle / Support | D47: Walker / Battlesuit | E47: Scout Sentinels | F47: 1 model | G47: Walker / Battlesuit | L47: 55 | M47: Points options: 1 model = 55 pts; 2 models = 110 pts | N47: Matched to Munitorum Field Manual v2.3 | O47: Uploaded PDF: Munitorum Field Manual v2.3 / March 2025, p.8
A48: Astra Militarum | C48: Infantry / Other | D48: Infantry | E48: Sergeant Harker | G48: Infantry | M48: No matching points entry found in uploaded PDF; verify unit name/current support. | N48: Not found in uploaded PDF | O48: Uploaded PDF: Munitorum Field Manual v2.3 / March 2025
A49: Astra Militarum | C49: Vehicle / Support | D49: Super-heavy Vehicle/Monster | E49: Shadowsword | F49: 1 model | G49: Super-heavy Vehicle/Monster | L49: 440 | N49: Matched to Munitorum Field Manual v2.3 | O49: Uploaded PDF: Munitorum Field Manual v2.3 / March 2025, p.8
A50: Astra Militarum | C50: Vehicle / Support | D50: Super-heavy Vehicle/Monster | E50: Stormlord | F50: 1 model | G50: Super-heavy Vehicle/Monster | L50: 460 | N50: Matched to Munitorum Field Manual v2.3 | O50: Uploaded PDF: Munitorum Field Manual v2.3 / March 2025, p.8
A51: Astra Militarum | C51: Vehicle / Support | D51: Super-heavy Vehicle/Monster | E51: Stormsword | F51: 1 model | G51: Super-heavy Vehicle/Monster | L51: 495 | N51: Matched to Munitorum Field Manual v2.3 | O51: Uploaded PDF: Munitorum Field Manual v2.3 / March 2025, p.8
A52: Astra Militarum | C52: Character | D52: Character | E52: Tank Commander | F52: 1 model | G52: Character | L52: 235 | N52: Matched to Munitorum Field Manual v2.3 | O52: Uploaded PDF: Munitorum Field Manual v2.3 / March 2025, p.8
A53: Astra Militarum | C53: Vehicle / Support | D53: Vehicle | E53: Taurox | F53: 1 model | G53: Vehicle | L53: 65 | N53: Matched to Munitorum Field Manual v2.3 | O53: Uploaded PDF: Munitorum Field Manual v2.3 / March 2025, p.8
A54: Astra Militarum | C54: Vehicle / Support | D54: Vehicle | E54: Taurox Prime | F54: 1 model | G54: Vehicle | L54: 90 | N54: Matched to Munitorum Field Manual v2.3 | O54: Uploaded PDF: Munitorum Field Manual v2.3 / March 2025, p.8
A55: Astra Militarum | C55: Infantry / Other | D55: Infantry | E55: Tempestus Scions | F55: 5 models | G55: Infantry | L55: 70 | M55: Points options: 5 models = 70 pts; 10 models = 140 pts | N55: Matched to Munitorum Field Manual v2.3 | O55: Uploaded PDF: Munitorum Field Manual v2.3 / March 2025, p.8
A56: Astra Militarum | C56: Infantry / Other | D56: Infantry | E56: Ursula Creed | F56: 1 model | G56: Infantry | L56: 65 | N56: Matched to Munitorum Field Manual v2.3 | O56: Uploaded PDF: Munitorum Field Manual v2.3 / March 2025, p.8
A57: Astra Militarum | C57: Vehicle / Support | D57: Vehicle | E57: Valkyrie | F57: 1 model | G57: Vehicle | L57: 190 | N57: Matched to Munitorum Field Manual v2.3 | O57: Uploaded PDF: Munitorum Field Manual v2.3 / March 2025, p.8
A58: Astra Militarum | C58: Infantry / Other | D58: Infantry | E58: Wyvern | F58: 1 model | G58: Infantry | L58: 110 | N58: Matched to Munitorum Field Manual v2.3 | O58: Uploaded PDF: Munitorum Field Manual v2.3 / March 2025, p.8
A59: Astra Militarum | C59: Vehicle / Support | D59: Vehicle | E59: Aegis Defence Line | F59: 1 model | G59: Vehicle | L59: 145 | N59: Added from current Munitorum Field Manual v4.1 (non-Legends) | O59: https://www.warhammer-community.com/en-gb/downloads/warhammer-40000/
A60: Astra Militarum | C60: Infantry / Other | D60: Infantry | E60: Artillery Team | F60: 1 model | G60: Infantry | L60: 95 | N60: Added from current Munitorum Field Manual v4.1 (non-Legends) | O60: https://www.warhammer-community.com/en-gb/downloads/warhammer-40000/
A61: Astra Militarum | C61: Vehicle / Support | D61: Vehicle | E61: Avenger Strike Fighter | F61: 1 model | G61: Vehicle | L61: 130 | N61: Added from current Munitorum Field Manual v4.1 (non-Legends) | O61: https://www.warhammer-community.com/en-gb/downloads/warhammer-40000/
A62: Astra Militarum | C62: Infantry / Other | D62: Infantry | E62: Cadian Heavy Weapons Squad | F62: 3 models | G62: Infantry | L62: 65 | N62: Added from current Munitorum Field Manual v4.1 (non-Legends) | O62: https://www.warhammer-community.com/en-gb/downloads/warhammer-40000/
A63: Astra Militarum | C63: Infantry / Other | D63: Infantry | E63: Cadian Recon Squad | F63: 10 models | G63: Infantry | L63: 80 | N63: Added from current Munitorum Field Manual v4.1 (non-Legends) | O63: https://www.warhammer-community.com/en-gb/downloads/warhammer-40000/
A64: Astra Militarum | C64: Character | D64: Character | E64: Catachan Command Squad | F64: 5 models | G64: Character | L64: 60 | N64: Added from current Munitorum Field Manual v4.1 (non-Legends) | O64: https://www.warhammer-community.com/en-gb/downloads/warhammer-40000/
A65: Astra Militarum | C65: Infantry / Other | D65: Infantry | E65: Catachan Heavy Weapons Squad | F65: 3 models | G65: Infantry | L65: 65 | N65: Added from current Munitorum Field Manual v4.1 (non-Legends) | O65: https://www.warhammer-community.com/en-gb/downloads/warhammer-40000/
A66: Astra Militarum | C66: Infantry / Other | D66: Infantry | E66: Centaur Rsv | F66: 1 model | G66: Infantry | L66: 75 | N66: Added from current Munitorum Field Manual v4.1 (non-Legends) | O66: https://www.warhammer-community.com/en-gb/downloads/warhammer-40000/
A67: Astra Militarum | C67: Infantry / Other | D67: Infantry | E67: Commissar Graves | F67: 1 model | G67: Infantry | L67: 125 | N67: Added from current Munitorum Field Manual v4.1 (non-Legends) | O67: https://www.warhammer-community.com/en-gb/downloads/warhammer-40000/
... A69: Astra Militarum | C69: Character | D69: Character | E69: Commissar Yarrick | F69: 1 model | G69: Character | L69: 130 | N69: Added from current Munitorum Field Manual v4.1 (non-Legends) | O69: https://www.warhammer-community.com/en-gb/downloads/warhammer-40000/
A70: Astra Militarum | C70: Infantry / Other | D70: Infantry | E70: Cyclops Demolition Vehicle | F70: 1 model | G70: Infantry | L70: 40 | M70: Your 1st To 2nd Units Cost: 1 models = 40 pts | Your 3rd + Unit Costs: 1 models = 45 pts | N70: Added from current Munitorum Field Manual v4.1 (non-Legends) | O70: https://www.warhammer-community.com/en-gb/downloads/warhammer-40000/
A71: Astra Militarum | C71: Infantry / Other | D71: Mounted / Bike | E71: Death Riders | F71: 5 models | G71: Mounted / Bike | L71: 60 | N71: Added from current Munitorum Field Manual v4.1 (non-Legends) | O71: https://www.warhammer-community.com/en-gb/downloads/warhammer-40000/
A72: Astra Militarum | C72: Infantry / Other | D72: Infantry | E72: Deathstrike | F72: 1 model | G72: Infantry | L72: 125 | M72: Your 1st Unit Costs: 1 models = 125 pts | Your 2nd + Unit Costs: 1 models = 135 pts | N72: Added from current Munitorum Field Manual v4.1 (non-Legends) | O72: https://www.warhammer-community.com/en-gb/downloads/warhammer-40000/
A73: Astra Militarum | C73: Infantry / Other | D73: Infantry | E73: Hippogriff Afv | F73: 1 model | G73: Infantry | L73: 70 | N73: Added from current Munitorum Field Manual v4.1 (non-Legends) | O73: https://www.warhammer-community.com/en-gb/downloads/warhammer-40000/
A74: Astra Militarum | C74: Infantry / Other | D74: Infantry | E74: Krieg Combat Engineers | F74: 5 models | G74: Infantry | L74: 65 | M74: Your 1st To 2nd Units Cost: 5 models = 65 pts; 10 models = 95 pts | Your 3rd + Unit Costs: 5 models = 75 pts; 10 models = 105 pts | N74: Added from current Munitorum Field Manual v4.1 (non-Legends) | O74: https://www.warhammer-community.com/en-gb/downloads/warhammer-40000/
A75: Astra Militarum | C75: Character | D75: Character | E75: Krieg Command Squad | F75: 6 models | G75: Character | L75: 65 | N75: Added from current Munitorum Field Manual v4.1 (non-Legends) | O75: https://www.warhammer-community.com/en-gb/downloads/warhammer-40000/
A76: Astra Militarum | C76: Infantry / Other | D76: Infantry | E76: Krieg Heavy Weapons Squad | F76: 4 models | G76: Infantry | L76: 60 | M76: Your Unit Costs: 4 models = 60 pts | Wargear: Krieg heavy flamer +5 pts | N76: Added from current Munitorum Field Manual v4.1 (non-Legends) | O76: https://www.warhammer-community.com/en-gb/downloads/warhammer-40000/
A77: Astra Militarum | C77: Character | D77: Character | E77: Leman Russ Commander | F77: 1 model | G77: Character | L77: 235 | M77: Your 1st To 2nd Units Cost: 1 models = 235 pts | Your 3rd + Unit Costs: 1 models = 250 pts | N77: Added from current Munitorum Field Manual v4.1 (non-Legends) | O77: https://www.warhammer-community.com/en-gb/downloads/warhammer-40000/
A78: Astra Militarum | C78: Character | D78: Character | E78: Lord Marshal Dreir | F78: 1 model | G78: Character | L78: 75 | N78: Added from current Munitorum Field Manual v4.1 (non-Legends) | O78: https://www.warhammer-community.com/en-gb/downloads/warhammer-40000/
A79: Astra Militarum | C79: Character | D79: Character | E79: Rogal Dorn Commander | F79: 1 model | G79: Character | L79: 290 | M79: Your 1st Unit Costs: 1 models = 290 pts | Your 2nd + Unit Costs: 1 models = 305 pts | N79: Added from current Munitorum Field Manual v4.1 (non-Legends) | O79: https://www.warhammer-community.com/en-gb/downloads/warhammer-40000/
A80: Astra Militarum | C80: Infantry / Other | D80: Infantry | E80: Sly Marbo | F80: 1 model | G80: Infantry | L80: 55 | N80: Added from current Munitorum Field Manual v4.1 (non-Legends) | O80: https://www.warhammer-community.com/en-gb/downloads/warhammer-40000/
A81: Astra Militarum | C81: Infantry / Other | D81: Infantry | E81: Tempestus Aquilons | F81: 10 models | G81: Infantry | L81: 100 | N81: Added from current Munitorum Field Manual v4.1 (non-Legends) | O81: https://www.warhammer-community.com/en-gb/downloads/warhammer-40000/

Sheet Black Templars
A1: Faction | B1: Subfaction/Chapter | C1: Battlefield Role | D1: Unit Type | E1: Unit Name | F1: Models | G1: Keywords / Tags | H1: Owned? | I1: Built? | J1: Paint Status | K1: Wishlist Priority | L1: Points | M1: Notes | N1: Verification Status | O1: Source URL
A2: Black Templars | B2: Black Templars | C2: Infantry / Other | D2: Infantry | E2: Castellan | F2: 1 model | G2: Infantry | L2: 60 | N2: Matched to Munitorum Field Manual v2.3 | O2: Uploaded PDF: Munitorum Field Manual v2.3 / March 2025, p.10
A3: Black Templars | B3: Black Templars | C3: Character | D3: Character | E3: Chaplain Grimaldus | F3: 4 models | G3: Character | L3: 130 | N3: Matched to Munitorum Field Manual v2.3 | O3: Uploaded PDF: Munitorum Field Manual v2.3 / March 2025, p.10
A4: Black Templars | B4: Black Templars | C4: Infantry / Other | D4: Infantry | E4: Crusader Squad | F4: 1 Sword Brother and 4 Initiates | G4: Infantry | L4: 85 | M4: Points options: 1 Sword Brother and 4 Initiates = 85 pts; 1 Sword Brother and 9 Initiates = 150 pts; 1 Sword Brother, 4 Initiates and 5 Neophytes = 135 pts; 1 Sword Brother, 9 Initiates and 10 Neophytes = 290 pts | N4: Matched to Munitorum Field Manual v2.3 | O4: Uploaded PDF: Munitorum Field Manual v2.3 / March 2025, p.10
A5: Black Templars | B5: Black Templars | C5: Character | D5: Character | E5: Emperor's Champion | F5: 1 model | G5: Character | L5: 75 | N5: Matched to Munitorum Field Manual v2.3 | O5: Uploaded PDF: Munitorum Field Manual v2.3 / March 2025, p.10
A6: Black Templars | B6: Black Templars | C6: Infantry / Other | D6: Infantry | E6: Helbrecht | F6: 1 model | G6: Infantry | L6: 130 | N6: Matched to Munitorum Field Manual v2.3 | O6: Uploaded PDF: Munitorum Field Manual v2.3 / March 2025, p.10
A7: Black Templars | B7: Black Templars | C7: Infantry / Other | D7: Infantry | E7: Primaris Crusader Squad | F7: 1 Sword Brother, 5 Initiates and 4 Neophytes | G7: Infantry | L7: 150 | M7: Points options: 1 Sword Brother, 5 Initiates and 4 Neophytes = 150 pts; 1 Sword Brother, 11 Initiates and 8 Neophytes = 320 pts | N7: Matched to Munitorum Field Manual v2.3 | O7: Uploaded PDF: Munitorum Field Manual v2.3 / March 2025, p.10
A8: Black Templars | B8: Black Templars | C8: Infantry / Other | D8: Infantry | E8: Primaris Sword Brethren | F8: 5 models | G8: Infantry | L8: 150 | M8: Points options: 5 models = 150 pts; 10 models = 300 pts | N8: Matched to Munitorum Field Manual v2.3 | O8: Uploaded PDF: Munitorum Field Manual v2.3 / March 2025, p.10
A9: Black Templars | B9: Black Templars | C9: Vehicle / Support | D9: Vehicle | E9: Black Templars Gladiator Lancer | F9: 1 model | G9: Vehicle | L9: 170 | N9: Matched to Munitorum Field Manual v2.3 | O9: Uploaded PDF: Munitorum Field Manual v2.3 / March 2025, p.10
A10: Black Templars | B10: Black Templars | C10: Vehicle / Support | D10: Vehicle | E10: Black Templars Impulsor | F10: 1 model | G10: Vehicle | L10: 90 | N10: Matched to Munitorum Field Manual v2.3 | O10: Uploaded PDF: Munitorum Field Manual v2.3 / March 2025, p.10
A11: Black Templars | B11: Black Templars | C11: Vehicle / Support | D11: Vehicle | E11: Black Templars Repulsor | F11: 1 model | G11: Vehicle | L11: 190 | N11: Matched to Munitorum Field Manual v2.3 | O11: Uploaded PDF: Munitorum Field Manual v2.3 / March 2025, p.10
A12: Black Templars | B12: Black Templars | C12: Vehicle / Support | D12: Vehicle | E12: Black Templars Repulsor Executioner | F12: 1 model | G12: Vehicle | L12: 230 | N12: Matched to Munitorum Field Manual v2.3 | O12: Uploaded PDF: Munitorum Field Manual v2.3 / March 2025, p.10
A13: Black Templars | B13: Black Templars | C13: Character | D13: Character | E13: Crusade Ancient | F13: 1 model | G13: Character | L13: 45 | N13: Added from current Munitorum Field Manual v4.1 (non-Legends) | O13: https://www.warhammer-community.com/en-gb/downloads/warhammer-40000/
A14: Black Templars | B14: Black Templars | C14: Character | D14: Character | E14: Execrator | F14: 1 model | G14: Character | L14: 60 | N14: Added from current Munitorum Field Manual v4.1 (non-Legends) | O14: https://www.warhammer-community.com/en-gb/downloads/warhammer-40000/
A15: Black Templars | B15: Black Templars | C15: Character | D15: Character | E15: Marshal | F15: 1 model | G15: Character | L15: 80 | M15: Your 1st Unit Costs: 1 models = 80 pts | Your 2nd + Unit Costs: 1 models = 90 pts | N15: Added from current Munitorum Field Manual v4.1 (non-Legends) | O15: https://www.warhammer-community.com/en-gb/downloads/warhammer-40000/

Sheet Blood Angels
A1: Faction | B1: Subfaction/Chapter | C1: Battlefield Role | D1: Unit Type | E1: Unit Name | F1: Models | G1: Keywords / Tags | H1: Owned? | I1: Built? | J1: Paint Status | K1: Wishlist Priority | L1: Points | M1: Notes | N1: Verification Status | O1: Source URL
A2: Blood Angels | B2: Blood Angels | C2: Infantry / Other | D2: Infantry | E2: Astorath | F2: 1 model | G2: Infantry | L2: 105 | N2: Matched to Munitorum Field Manual v2.3 | O2: Uploaded PDF: Munitorum Field Manual v2.3 / March 2025, p.11
A3: Blood Angels | B3: Blood Angels | C3: Vehicle / Support | D3: Vehicle | E3: Baal Predator | F3: 1 model | G3: Vehicle | L3: 135 | N3: Matched to Munitorum Field Manual v2.3 | O3: Uploaded PDF: Munitorum Field Manual v2.3 / March 2025, p.11
A4: Blood Angels | B4: Blood Angels | C4: Character | D4: Character | E4: Blood Angels Captain | F4: 1 model | G4: Character | L4: 80 | N4: Matched to Munitorum Field Manual v2.3 | O4: Uploaded PDF: Munitorum Field Manual v2.3 / March 2025, p.11
A5: Blood Angels | B5: Blood Angels | C5: Character | D5: Character | E5: Chief Librarian Mephiston | F5: 1 model | G5: Character, Psyker | L5: 135 | N5: Matched to Munitorum Field Manual v2.3 | O5: Uploaded PDF: Munitorum Field Manual v2.3 / March 2025, p.11
A6: Blood Angels | B6: Blood Angels | C6: Character | D6: Character | E6: Commander Dante | F6: 1 model | G6: Character, Epic Hero | L6: 130 | N6: Matched to Munitorum Field Manual v2.3 | O6: Uploaded PDF: Munitorum Field Manual v2.3 / March 2025, p.11
A7: Blood Angels | B7: Blood Angels | C7: Vehicle / Support | D7: Walker / Battlesuit | E7: Death Company Dreadnought | F7: 1 model | G7: Walker / Battlesuit | L7: 180 | N7: Matched to Munitorum Field Manual v2.3 | O7: Uploaded PDF: Munitorum Field Manual v2.3 / March 2025, p.11
A8: Blood Angels | B8: Blood Angels | C8: Infantry / Other | D8: Infantry | E8: Death Company Marines | F8: 5 models | G8: Infantry | L8: 85 | M8: Points options: 5 models = 85 pts; 10 models = 160 pts | N8: Matched to Munitorum Field Manual v2.3 | O8: Uploaded PDF: Munitorum Field Manual v2.3 / March 2025, p.11
A9: Blood Angels | B9: Blood Angels | C9: Infantry / Other | D9: Infantry | E9: Death Company Marines with Bolt Rifles | F9: 5 models | G9: Infantry | L9: 85 | M9: Points options: 5 models = 85 pts; 10 models = 160 pts | N9: Matched to Munitorum Field Manual v2.3 | O9: Uploaded PDF: Munitorum Field Manual v2.3 / March 2025, p.11
A10: Blood Angels | B10: Blood Angels | C10: Infantry / Other | D10: Infantry | E10: Death Company Marines with Jump Packs | F10: 5 models | G10: Infantry | L10: 130 | M10: Points options: 5 models = 130 pts; 10 models = 240 pts | N10: Matched to Munitorum Field Manual v2.3 | O10: Uploaded PDF: Munitorum Field Manual v2.3 / March 2025, p.11
A11: Blood Angels | B11: Blood Angels | C11: Vehicle / Support | D11: Walker / Battlesuit | E11: Furioso Dreadnought | G11: Walker / Battlesuit | M11: No matching points entry found in uploaded PDF; verify unit name/current support. | N11: Not found in uploaded PDF | O11: Uploaded PDF: Munitorum Field Manual v2.3 / March 2025
A12: Blood Angels | B12: Blood Angels | C12: Infantry / Other | D12: Infantry | E12: Gabriel Seth | G12: Infantry | M12: No matching points entry found in uploaded PDF; verify unit name/current support. | N12: Not found in uploaded PDF | O12: Uploaded PDF: Munitorum Field Manual v2.3 / March 2025
A13: Blood Angels | B13: Blood Angels | C13: Infantry / Other | D13: Infantry | E13: Lemartes | F13: 1 model | G13: Infantry | L13: 110 | N13: Matched to Munitorum Field Manual v2.3 | O13: Uploaded PDF: Munitorum Field Manual v2.3 / March 2025, p.11
A14: Blood Angels | B14: Blood Angels | C14: Character | D14: Character | E14: Librarian Dreadnought | G14: Character, Psyker | M14: No matching points entry found in uploaded PDF; verify unit name/current support. | N14: Not found in uploaded PDF | O14: Uploaded PDF: Munitorum Field Manual v2.3 / March 2025
A15: Blood Angels | B15: Blood Angels | C15: Infantry / Other | D15: Infantry | E15: Sanguinary Guard | F15: 3 models | G15: Infantry | L15: 130 | M15: Points options: 3 models = 130 pts; 6 models = 260 pts | N15: Matched to Munitorum Field Manual v2.3 | O15: Uploaded PDF: Munitorum Field Manual v2.3 / March 2025, p.11
A16: Blood Angels | B16: Blood Angels | C16: Character | D16: Character | E16: Sanguinary Priest | F16: 1 model | G16: Character | L16: 90 | N16: Matched to Munitorum Field Manual v2.3 | O16: Uploaded PDF: Munitorum Field Manual v2.3 / March 2025, p.11
A17: Blood Angels | B17: Blood Angels | C17: Infantry / Other | D17: Infantry | E17: The Sanguinor | F17: 1 model | G17: Infantry | L17: 140 | N17: Matched to Munitorum Field Manual v2.3 | O17: Uploaded PDF: Munitorum Field Manual v2.3 / March 2025, p.11
A18: Blood Angels | B18: Blood Angels | C18: Infantry / Other | D18: Infantry | E18: Tycho the Lost | G18: Infantry | M18: No matching points entry found in uploaded PDF; verify unit name/current support. | N18: Not found in uploaded PDF | O18: Uploaded PDF: Munitorum Field Manual v2.3 / March 2025
A19: Blood Angels | B19: Blood Angels | C19: Character | D19: Character | E19: Death Company Captain | F19: 1 model | G19: Character | L19: 70 | N19: Added from current Munitorum Field Manual v4.1 (non-Legends) | O19: https://www.warhammer-community.com/en-gb/downloads/warhammer-40000/
A20: Blood Angels | B20: Blood Angels | C20: Character | D20: Character | E20: Death Company Captain With Jump Pack | F20: 1 model | G20: Character | L20: 75 | N20: Added from current Munitorum Field Manual v4.1 (non-Legends) | O20: https://www.warhammer-community.com/en-gb/downloads/warhammer-40000/

Sheet Chaos Daemons
A1: Faction | B1: Subfaction/Chapter | C1: Battlefield Role | D1: Unit Type | E1: Unit Name | F1: Models | G1: Keywords / Tags | H1: Owned? | I1: Built? | J1: Paint Status | K1: Wishlist Priority | L1: Points | M1: Notes | N1: Verification Status | O1: Source URL
A2: Chaos Daemons | C2: Monster / Heavy Support | D2: Monster | E2: Be'lakor | F2: 1 model | G2: Monster, Epic Hero | L2: 375 | N2: Matched to Munitorum Field Manual v2.3 | O2: Uploaded PDF: Munitorum Field Manual v2.3 / March 2025, p.12
A3: Chaos Daemons | C3: Infantry / Other | D3: Beast / Swarm | E3: Beasts of Nurgle | F3: 1 model | G3: Beast / Swarm | L3: 65 | M3: Points options: 1 model = 65 pts; 2 models = 130 pts | N3: Matched to Munitorum Field Manual v2.3 | O3: Uploaded PDF: Munitorum Field Manual v2.3 / March 2025, p.12
A4: Chaos Daemons | C4: Infantry / Other | D4: Infantry | E4: Bloodcrushers | F4: 3 models | G4: Infantry | L4: 110 | M4: Points options: 3 models = 110 pts; 6 models = 220 pts | N4: Matched to Munitorum Field Manual v2.3 | O4: Uploaded PDF: Munitorum Field Manual v2.3 / March 2025, p.12
A5: Chaos Daemons | C5: Infantry / Other | D5: Infantry | E5: Bloodletters | F5: 10 models | G5: Infantry | L5: 110 | N5: Matched to Munitorum Field Manual v2.3 | O5: Uploaded PDF: Munitorum Field Manual v2.3 / March 2025, p.12
A6: Chaos Daemons | C6: Character | D6: Character | E6: Bloodmaster | F6: 1 model | G6: Character | L6: 65 | N6: Matched to Munitorum Field Manual v2.3 | O6: Uploaded PDF: Munitorum Field Manual v2.3 / March 2025, p.12
A7: Chaos Daemons | C7: Monster / Heavy Support | D7: Monster | E7: Bloodthirster | F7: 1 model | G7: Monster | L7: 305 | N7: Matched to Munitorum Field Manual v2.3 | O7: Uploaded PDF: Munitorum Field Manual v2.3 / March 2025, p.12
A8: Chaos Daemons | C8: Infantry / Other | D8: Infantry | E8: Blue Horrors | F8: 10 models | G8: Infantry | L8: 125 | N8: Matched to Munitorum Field Manual v2.3 | O8: Uploaded PDF: Munitorum Field Manual v2.3 / March 2025, p.12
A9: Chaos Daemons | C9: Infantry / Other | D9: Infantry | E9: Burning Chariot | F9: 1 model | G9: Infantry | L9: 115 | N9: Matched to Munitorum Field Manual v2.3 | O9: Uploaded PDF: Munitorum Field Manual v2.3 / March 2025, p.12
A10: Chaos Daemons | C10: Infantry / Other | D10: Infantry | E10: Changecaster | F10: 1 model | G10: Infantry | L10: 60 | N10: Matched to Munitorum Field Manual v2.3 | O10: Uploaded PDF: Munitorum Field Manual v2.3 / March 2025, p.12
A11: Chaos Daemons | C11: Infantry / Other | D11: Infantry | E11: Contorted Epitome | F11: 1 model | G11: Infantry | L11: 100 | N11: Matched to Munitorum Field Manual v2.3 | O11: Uploaded PDF: Munitorum Field Manual v2.3 / March 2025, p.12
A12: Chaos Daemons | C12: Infantry / Other | D12: Infantry | E12: Daemonettes | F12: 10 models | G12: Infantry | L12: 100 | N12: Matched to Munitorum Field Manual v2.3 | O12: Uploaded PDF: Munitorum Field Manual v2.3 / March 2025, p.12
A13: Chaos Daemons | C13: Infantry / Other | D13: Infantry | E13: Epidemius | F13: 1 model | G13: Infantry | L13: 80 | N13: Matched to Munitorum Field Manual v2.3 | O13: Uploaded PDF: Munitorum Field Manual v2.3 / March 2025, p.12
A14: Chaos Daemons | C14: Infantry / Other | D14: Infantry | E14: Exalted Flamer | F14: 1 model | G14: Infantry | L14: 65 | N14: Matched to Munitorum Field Manual v2.3 | O14: Uploaded PDF: Munitorum Field Manual v2.3 / March 2025, p.12
A15: Chaos Daemons | C15: Infantry / Other | D15: Infantry | E15: Fateskimmer | F15: 1 model | G15: Infantry | L15: 95 | N15: Matched to Munitorum Field Manual v2.3 | O15: Uploaded PDF: Munitorum Field Manual v2.3 / March 2025, p.12
A16: Chaos Daemons | C16: Infantry / Other | D16: Beast / Swarm | E16: Flesh Hounds | F16: 5 models | G16: Beast / Swarm | L16: 75 | M16: Points options: 5 models = 75 pts; 10 models = 150 pts | N16: Matched to Munitorum Field Manual v2.3 | O16: Uploaded PDF: Munitorum Field Manual v2.3 / March 2025, p.12
A17: Chaos Daemons | C17: Character | D17: Character | E17: Fluxmaster | F17: 1 model | G17: Character | L17: 60 | N17: Matched to Munitorum Field Manual v2.3 | O17: Uploaded PDF: Munitorum Field Manual v2.3 / March 2025, p.12
A18: Chaos Daemons | C18: Monster / Heavy Support | D18: Monster | E18: Great Unclean One | F18: 1 model | G18: Monster | L18: 250 | N18: Matched to Munitorum Field Manual v2.3 | O18: Uploaded PDF: Munitorum Field Manual v2.3 / March 2025, p.12
A19: Chaos Daemons | C19: Infantry / Other | D19: Infantry | E19: Horticulous Slimux | F19: 1 model | G19: Infantry | L19: 120 | N19: Matched to Munitorum Field Manual v2.3 | O19: Uploaded PDF: Munitorum Field Manual v2.3 / March 2025, p.12
A20: Chaos Daemons | C20: Infantry / Other | D20: Infantry | E20: Infernal Enrapturess | F20: 1 model | G20: Infantry | L20: 60 | N20: Matched to Munitorum Field Manual v2.3 | O20: Uploaded PDF: Munitorum Field Manual v2.3 / March 2025, p.12
A21: Chaos Daemons | C21: Infantry / Other | D21: Infantry | E21: Kairos Fateweaver | F21: 1 model | G21: Infantry | L21: 270 | N21: Matched to Munitorum Field Manual v2.3 | O21: Uploaded PDF: Munitorum Field Manual v2.3 / March 2025, p.12
A22: Chaos Daemons | C22: Monster / Heavy Support | D22: Monster | E22: Keeper of Secrets | F22: 1 model | G22: Monster | L22: 290 | N22: Matched to Munitorum Field Manual v2.3 | O22: Uploaded PDF: Munitorum Field Manual v2.3 / March 2025, p.12
A23: Chaos Daemons | C23: Infantry / Other | D23: Infantry | E23: Karanak | G23: Infantry | M23: No matching points entry found in uploaded PDF; verify unit name/current support. | N23: Not found in uploaded PDF | O23: Uploaded PDF: Munitorum Field Manual v2.3 / March 2025
A24: Chaos Daemons | C24: Character | D24: Character | E24: Lord of Change | F24: 1 model | G24: Character | L24: 260 | N24: Matched to Munitorum Field Manual v2.3 | O24: Uploaded PDF: Munitorum Field Manual v2.3 / March 2025, p.12
A25: Chaos Daemons | C25: Infantry / Other | D25: Beast / Swarm | E25: Nurglings | F25: 3 models | G25: Beast / Swarm | L25: 35 | M25: Points options: 3 models = 35 pts; 6 models = 60 pts; 9 models = 90 pts | N25: Matched to Munitorum Field Manual v2.3 | O25: Uploaded PDF: Munitorum Field Manual v2.3 / March 2025, p.12
A26: Chaos Daemons | C26: Infantry / Other | D26: Infantry | E26: Pink Horrors | F26: 10 models | G26: Infantry | L26: 140 | N26: Matched to Munitorum Field Manual v2.3 | O26: Uploaded PDF: Munitorum Field Manual v2.3 / March 2025, p.12
A27: Chaos Daemons | C27: Infantry / Other | D27: Infantry | E27: Plague Drones | F27: 3 models | G27: Infantry | L27: 110 | M27: Points options: 3 models = 110 pts; 6 models = 220 pts | N27: Matched to Munitorum Field Manual v2.3 | O27: Uploaded PDF: Munitorum Field Manual v2.3 / March 2025, p.12
A28: Chaos Daemons | C28: Infantry / Other | D28: Infantry | E28: Plaguebearers | F28: 10 models | G28: Infantry | L28: 110 | N28: Matched to Munitorum Field Manual v2.3 | O28: Uploaded PDF: Munitorum Field Manual v2.3 / March 2025, p.12
A29: Chaos Daemons | C29: Infantry / Other | D29: Infantry | E29: Poxbringer | F29: 1 model | G29: Infantry | L29: 55 | N29: Matched to Munitorum Field Manual v2.3 | O29: Uploaded PDF: Munitorum Field Manual v2.3 / March 2025, p.12
A30: Chaos Daemons | C30: Character | D30: Character | E30: Rendmaster on Blood Throne | F30: 1 model | G30: Character | L30: 165 | N30: Matched to Munitorum Field Manual v2.3 | O30: Uploaded PDF: Munitorum Field Manual v2.3 / March 2025, p.12
A31: Chaos Daemons | C31: Monster / Heavy Support | D31: Monster | E31: Rotigus | F31: 1 model | G31: Monster | L31: 250 | N31: Matched to Munitorum Field Manual v2.3 | O31: Uploaded PDF: Munitorum Field Manual v2.3 / March 2025, p.12
A32: Chaos Daemons | C32: Infantry / Other | D32: Infantry | E32: Screamers | F32: 3 models | G32: Infantry | L32: 80 | M32: Points options: 3 models = 80 pts; 6 models = 160 pts | N32: Matched to Munitorum Field Manual v2.3 | O32: Uploaded PDF: Munitorum Field Manual v2.3 / March 2025, p.12
A33: Chaos Daemons | C33: Infantry / Other | D33: Infantry | E33: Seekers | F33: 5 models | G33: Infantry | L33: 80 | M33: Points options: 5 models = 80 pts; 10 models = 160 pts | N33: Matched to Munitorum Field Manual v2.3 | O33: Uploaded PDF: Munitorum Field Manual v2.3 / March 2025, p.12
A34: Chaos Daemons | C34: Infantry / Other | D34: Infantry | E34: Shalaxi Helbane | F34: 1 model | G34: Infantry | L34: 380 | N34: Matched to Munitorum Field Manual v2.3 | O34: Uploaded PDF: Munitorum Field Manual v2.3 / March 2025, p.12
A35: Chaos Daemons | C35: Infantry / Other | D35: Infantry | E35: Skull Cannon | F35: 1 model | G35: Infantry | L35: 95 | N35: Matched to Munitorum Field Manual v2.3 | O35: Uploaded PDF: Munitorum Field Manual v2.3 / March 2025, p.12
A36: Chaos Daemons | C36: Character | D36: Character | E36: Skullmaster | F36: 1 model | G36: Character | L36: 100 | N36: Matched to Munitorum Field Manual v2.3 | O36: Uploaded PDF: Munitorum Field Manual v2.3 / March 2025, p.12
A37: Chaos Daemons | C37: Infantry / Other | D37: Infantry | E37: Skulltaker | F37: 1 model | G37: Infantry | L37: 85 | N37: Matched to Munitorum Field Manual v2.3 | O37: Uploaded PDF: Munitorum Field Manual v2.3 / March 2025, p.12
A38: Chaos Daemons | C38: Infantry / Other | D38: Infantry | E38: Sloppity Bilepiper | F38: 1 model | G38: Infantry | L38: 55 | N38: Matched to Munitorum Field Manual v2.3 | O38: Uploaded PDF: Munitorum Field Manual v2.3 / March 2025, p.12
A39: Chaos Daemons | C39: Monster / Heavy Support | D39: Monster | E39: Soul Grinder | F39: 1 model | G39: Monster | L39: 180 | N39: Matched to Munitorum Field Manual v2.3 | O39: Uploaded PDF: Munitorum Field Manual v2.3 / March 2025, p.12
A40: Chaos Daemons | C40: Infantry / Other | D40: Infantry | E40: Spoilpox Scrivener | F40: 1 model | G40: Infantry | L40: 60 | N40: Matched to Munitorum Field Manual v2.3 | O40: Uploaded PDF: Munitorum Field Manual v2.3 / March 2025, p.12
A41: Chaos Daemons | C41: Infantry / Other | D41: Infantry | E41: Syll'Esske | F41: 1 model | G41: Infantry | L41: 120 | N41: Matched to Munitorum Field Manual v2.3 | O41: Uploaded PDF: Munitorum Field Manual v2.3 / March 2025, p.12
A42: Chaos Daemons | C42: Infantry / Other | D42: Infantry | E42: The Blue Scribes | F42: 1 model | G42: Infantry | L42: 75 | N42: Matched to Munitorum Field Manual v2.3 | O42: Uploaded PDF: Munitorum Field Manual v2.3 / March 2025, p.12
A43: Chaos Daemons | C43: Infantry / Other | D43: Infantry | E43: The Changeling | F43: 1 model | G43: Infantry | L43: 90 | N43: Matched to Munitorum Field Manual v2.3 | O43: Uploaded PDF: Munitorum Field Manual v2.3 / March 2025, p.12
A44: Chaos Daemons | C44: Infantry / Other | D44: Infantry | E44: Tormentbringer on Exalted Seeker Chariot | G44: Infantry | M44: No matching points entry found in uploaded PDF; verify unit name/current support. | N44: Not found in uploaded PDF | O44: Uploaded PDF: Munitorum Field Manual v2.3 / March 2025
A45: Chaos Daemons | C45: Infantry / Other | D45: Infantry | E45: Tranceweaver | F45: 1 model | G45: Infantry | L45: 60 | N45: Matched to Munitorum Field Manual v2.3 | O45: Uploaded PDF: Munitorum Field Manual v2.3 / March 2025, p.12
A46: Chaos Daemons | C46: Monster / Support | D46: Monster | E46: Daemon Prince Of Chaos | F46: 1 model | G46: Monster | L46: 165 | N46: Added from current Munitorum Field Manual v4.1 (non-Legends) | O46: https://www.warhammer-community.com/en-gb/downloads/warhammer-40000/
A47: Chaos Daemons | C47: Monster / Support | D47: Monster | E47: Daemon Prince Of Chaos With Wings | F47: 1 model | G47: Monster | L47: 190 | N47: Added from current Munitorum Field Manual v4.1 (non-Legends) | O47: https://www.warhammer-community.com/en-gb/downloads/warhammer-40000/
A48: Chaos Daemons | C48: Vehicle / Support | D48: Vehicle | E48: Feculent Gnarlmaw | F48: 1 model | G48: Vehicle | L48: 100 | N48: Added from current Munitorum Field Manual v4.1 (non-Legends) | O48: https://www.warhammer-community.com/en-gb/downloads/warhammer-40000/
A49: Chaos Daemons | C49: Infantry / Other | D49: Beast / Swarm | E49: Fiends | F49: 3 models | G49: Beast / Swarm | L49: 90 | N49: Added from current Munitorum Field Manual v4.1 (non-Legends) | O49: https://www.warhammer-community.com/en-gb/downloads/warhammer-40000/
A50: Chaos Daemons | C50: Infantry / Other | D50: Infantry | E50: Flamers | F50: 3 models | G50: Infantry | L50: 65 | N50: Added from current Munitorum Field Manual v4.1 (non-Legends) | O50: https://www.warhammer-community.com/en-gb/downloads/warhammer-40000/
A51: Chaos Daemons | C51: Infantry / Other | D51: Infantry | E51: Hellflayers | F51: 1 model | G51: Infantry | L51: 80 | N51: Added from current Munitorum Field Manual v4.1 (non-Legends) | O51: https://www.warhammer-community.com/en-gb/downloads/warhammer-40000/
A52: Chaos Daemons | C52: Monster / Support | D52: Monster | E52: Skarbrand | F52: 1 model | G52: Monster | L52: 315 | N52: Added from current Munitorum Field Manual v4.1 (non-Legends) | O52: https://www.warhammer-community.com/en-gb/downloads/warhammer-40000/
A53: Chaos Daemons | C53: Vehicle / Support | D53: Vehicle | E53: Skull Altar | F53: 1 model | G53: Vehicle | L53: 105 | N53: Added from current Munitorum Field Manual v4.1 (non-Legends) | O53: https://www.warhammer-community.com/en-gb/downloads/warhammer-40000/
A54: Chaos Daemons | C54: Infantry / Other | D54: Infantry | E54: The Masque Of Slaanesh | F54: 1 model | G54: Infantry | L54: 95 | N54: Added from current Munitorum Field Manual v4.1 (non-Legends) | O54: https://www.warhammer-community.com/en-gb/downloads/warhammer-40000/
A55: Chaos Daemons | C55: Character | D55: Character | E55: Tormentbringer | F55: 1 model | G55: Character | L55: 135 | N55: Added from current Munitorum Field Manual v4.1 (non-Legends) | O55: https://www.warhammer-community.com/en-gb/downloads/warhammer-40000/

Sheet Chaos Knights
A1: Faction | B1: Subfaction/Chapter | C1: Battlefield Role | D1: Unit Type | E1: Unit Name | F1: Models | G1: Keywords / Tags | H1: Owned? | I1: Built? | J1: Paint Status | K1: Wishlist Priority | L1: Points | M1: Notes | N1: Verification Status | O1: Source URL
A2: Chaos Knights | C2: Vehicle / Support | D2: Super-heavy Vehicle/Monster | E2: Knight Abominant | F2: 1 model | G2: Super-heavy Vehicle/Monster | L2: 365 | N2: Matched to Munitorum Field Manual v2.3 | O2: Uploaded PDF: Munitorum Field Manual v2.3 / March 2025, p.14
A3: Chaos Knights | C3: Vehicle / Support | D3: Super-heavy Vehicle/Monster | E3: Knight Desecrator | F3: 1 model | G3: Super-heavy Vehicle/Monster | L3: 400 | N3: Matched to Munitorum Field Manual v2.3 | O3: Uploaded PDF: Munitorum Field Manual v2.3 / March 2025, p.14
A4: Chaos Knights | C4: Vehicle / Support | D4: Super-heavy Vehicle/Monster | E4: Knight Despoiler | F4: 1 model | G4: Super-heavy Vehicle/Monster | L4: 400 | N4: Matched to Munitorum Field Manual v2.3 | O4: Uploaded PDF: Munitorum Field Manual v2.3 / March 2025, p.14
A5: Chaos Knights | C5: Vehicle / Support | D5: Super-heavy Vehicle/Monster | E5: Knight Rampager | F5: 1 model | G5: Super-heavy Vehicle/Monster | L5: 380 | N5: Matched to Munitorum Field Manual v2.3 | O5: Uploaded PDF: Munitorum Field Manual v2.3 / March 2025, p.14
A6: Chaos Knights | C6: Vehicle / Support | D6: Super-heavy Vehicle/Monster | E6: Knight Tyrant | F6: 1 model | G6: Super-heavy Vehicle/Monster | L6: 480 | N6: Matched to Munitorum Field Manual v2.3 | O6: Uploaded PDF: Munitorum Field Manual v2.3 / March 2025, p.14
A7: Chaos Knights | C7: Vehicle / Support | D7: Vehicle | E7: War Dog Brigand | F7: 1 model | G7: Vehicle | L7: 165 | N7: Matched to Munitorum Field Manual v2.3 | O7: Uploaded PDF: Munitorum Field Manual v2.3 / March 2025, p.14
A8: Chaos Knights | C8: Vehicle / Support | D8: Vehicle | E8: War Dog Executioner | F8: 1 model | G8: Vehicle | L8: 130 | N8: Matched to Munitorum Field Manual v2.3 | O8: Uploaded PDF: Munitorum Field Manual v2.3 / March 2025, p.14
A9: Chaos Knights | C9: Vehicle / Support | D9: Vehicle | E9: War Dog Huntsman | F9: 1 model | G9: Vehicle | L9: 140 | N9: Matched to Munitorum Field Manual v2.3 | O9: Uploaded PDF: Munitorum Field Manual v2.3 / March 2025, p.14
A10: Chaos Knights | C10: Vehicle / Support | D10: Vehicle | E10: War Dog Karnivore | F10: 1 model | G10: Vehicle | L10: 140 | N10: Matched to Munitorum Field Manual v2.3 | O10: Uploaded PDF: Munitorum Field Manual v2.3 / March 2025, p.14
A11: Chaos Knights | C11: Vehicle / Support | D11: Walker / Battlesuit | E11: War Dog Stalker | F11: 1 model | G11: Walker / Battlesuit | L11: 140 | N11: Matched to Munitorum Field Manual v2.3 | O11: Uploaded PDF: Munitorum Field Manual v2.3 / March 2025, p.14
A12: Chaos Knights | C12: Infantry / Other | D12: Infantry | E12: Chaos Acastus Knight Asterius | F12: 1 model | G12: Infantry | L12: 785 | M12: Your 1st Unit Costs: 1 models = 785 pts | Your 2nd + Unit Costs: 1 models = 860 pts | N12: Added from current Munitorum Field Manual v4.1 (non-Legends) | O12: https://www.warhammer-community.com/en-gb/downloads/warhammer-40000/
A13: Chaos Knights | C13: Infantry / Other | D13: Infantry | E13: Chaos Acastus Knight Porphyrion | F13: 1 model | G13: Infantry | L13: 725 | M13: Your 1st Unit Costs: 1 models = 725 pts | Your 2nd + Unit Costs: 1 models = 800 pts | N13: Added from current Munitorum Field Manual v4.1 (non-Legends) | O13: https://www.warhammer-community.com/en-gb/downloads/warhammer-40000/
A14: Chaos Knights | C14: Infantry / Other | D14: Infantry | E14: Chaos Cerastus Knight Acheron | F14: 1 model | G14: Infantry | L14: 370 | M14: Your 1st Unit Costs: 1 models = 370 pts | Your 2nd + Unit Costs: 1 models = 385 pts | N14: Added from current Munitorum Field Manual v4.1 (non-Legends) | O14: https://www.warhammer-community.com/en-gb/downloads/warhammer-40000/
A15: Chaos Knights | C15: Infantry / Other | D15: Infantry | E15: Chaos Cerastus Knight Atrapos | F15: 1 model | G15: Infantry | L15: 395 | M15: Your 1st Unit Costs: 1 models = 395 pts | Your 2nd + Unit Costs: 1 models = 415 pts | N15: Added from current Munitorum Field Manual v4.1 (non-Legends) | O15: https://www.warhammer-community.com/en-gb/downloads/warhammer-40000/
A16: Chaos Knights | C16: Infantry / Other | D16: Infantry | E16: Chaos Cerastus Knight Castigator | F16: 1 model | G16: Infantry | L16: 370 | M16: Your 1st Unit Costs: 1 models = 370 pts | Your 2nd + Unit Costs: 1 models = 385 pts | N16: Added from current Munitorum Field Manual v4.1 (non-Legends) | O16: https://www.warhammer-community.com/en-gb/downloads/warhammer-40000/
A17: Chaos Knights | C17: Infantry / Other | D17: Infantry | E17: Chaos Cerastus Knight Lancer | F17: 1 model | G17: Infantry | L17: 395 | M17: Your 1st Unit Costs: 1 models = 395 pts | Your 2nd + Unit Costs: 1 models = 415 pts | N17: Added from current Munitorum Field Manual v4.1 (non-Legends) | O17: https://www.warhammer-community.com/en-gb/downloads/warhammer-40000/
A18: Chaos Knights | C18: Infantry / Other | D18: Infantry | E18: Chaos Questoris Knight Magaera | F18: 1 model | G18: Infantry | L18: 375 | M18: Your 1st Unit Costs: 1 models = 375 pts | Your 2nd + Unit Costs: 1 models = 390 pts | N18: Added from current Munitorum Field Manual v4.1 (non-Legends) | O18: https://www.warhammer-community.com/en-gb/downloads/warhammer-40000/
A19: Chaos Knights | C19: Infantry / Other | D19: Infantry | E19: Chaos Questoris Knight Styrix | F19: 1 model | G19: Infantry | L19: 365 | M19: Your 1st Unit Costs: 1 models = 365 pts | Your 2nd + Unit Costs: 1 models = 380 pts | N19: Added from current Munitorum Field Manual v4.1 (non-Legends) | O19: https://www.warhammer-community.com/en-gb/downloads/warhammer-40000/
A20: Chaos Knights | C20: Infantry / Other | D20: Infantry | E20: Knight Ruinator | F20: 1 model | G20: Infantry | L20: 340 | M20: Your 1st To 2nd Units Cost: 1 models = 340 pts | Your 3rd + Unit Costs: 1 models = 355 pts | N20: Added from current Munitorum Field Manual v4.1 (non-Legends) | O20: https://www.warhammer-community.com/en-gb/downloads/warhammer-40000/
A21: Chaos Knights | C21: Infantry / Other | D21: Infantry | E21: War Dog Moirax | F21: 1 model | G21: Infantry | L21: 150 | M21: Your 1st To 2nd Units Cost: 1 models = 150 pts | Your 3rd + Unit Costs: 1 models = 160 pts | N21: Added from current Munitorum Field Manual v4.1 (non-Legends) | O21: https://www.warhammer-community.com/en-gb/downloads/warhammer-40000/

Sheet Chaos Space Marines
A1: Faction | B1: Subfaction/Chapter | C1: Battlefield Role | D1: Unit Type | E1: Unit Name | F1: Models | G1: Keywords / Tags | H1: Owned? | I1: Built? | J1: Paint Status | K1: Wishlist Priority | L1: Points | M1: Notes | N1: Verification Status | O1: Source URL
A2: Chaos Space Marines | C2: Vehicle / Support | D2: Vehicle | E2: Abaddon the Despoiler | F2: 1 model | G2: Vehicle, Epic Hero | L2: 280 | N2: Matched to Munitorum Field Manual v2.3 | O2: Uploaded PDF: Munitorum Field Manual v2.3 / March 2025, p.15
A3: Chaos Space Marines | C3: Infantry / Other | D3: Infantry | E3: Accursed Cultists | F3: 8 models | G3: Infantry | L3: 90 | M3: Points options: 8 models = 90 pts; 16 models = 195 pts | N3: Matched to Munitorum Field Manual v2.3 | O3: Uploaded PDF: Munitorum Field Manual v2.3 / March 2025, p.15
A4: Chaos Space Marines | C4: Infantry / Other | D4: Mounted / Bike | E4: Chaos Bikers | F4: 3 models | G4: Mounted / Bike | L4: 70 | M4: Points options: 3 models = 70 pts; 6 models = 130 pts | N4: Matched to Munitorum Field Manual v2.3 | O4: Uploaded PDF: Munitorum Field Manual v2.3 / March 2025, p.15
A5: Chaos Space Marines | C5: Vehicle / Support | D5: Vehicle | E5: Chaos Land Raider | F5: 1 model | G5: Vehicle | L5: 240 | N5: Matched to Munitorum Field Manual v2.3 | O5: Uploaded PDF: Munitorum Field Manual v2.3 / March 2025, p.15
A6: Chaos Space Marines | C6: Character | D6: Character | E6: Chaos Lord | F6: 1 model | G6: Character | L6: 90 | N6: Matched to Munitorum Field Manual v2.3 | O6: Uploaded PDF: Munitorum Field Manual v2.3 / March 2025, p.15
A7: Chaos Space Marines | C7: Character | D7: Character | E7: Chaos Lord in Terminator Armour | F7: 1 model | G7: Character | L7: 95 | N7: Matched to Munitorum Field Manual v2.3 | O7: Uploaded PDF: Munitorum Field Manual v2.3 / March 2025, p.15
A8: Chaos Space Marines | C8: Vehicle / Support | D8: Vehicle | E8: Chaos Predator Annihilator | F8: 1 model | G8: Vehicle | L8: 135 | N8: Matched to Munitorum Field Manual v2.3 | O8: Uploaded PDF: Munitorum Field Manual v2.3 / March 2025, p.15
A9: Chaos Space Marines | C9: Vehicle / Support | D9: Vehicle | E9: Chaos Predator Destructor | F9: 1 model | G9: Vehicle | L9: 140 | N9: Matched to Munitorum Field Manual v2.3 | O9: Uploaded PDF: Munitorum Field Manual v2.3 / March 2025, p.15
A10: Chaos Space Marines | C10: Vehicle / Support | D10: Vehicle | E10: Chaos Rhino | F10: 1 model | G10: Vehicle | L10: 75 | N10: Matched to Munitorum Field Manual v2.3 | O10: Uploaded PDF: Munitorum Field Manual v2.3 / March 2025, p.15
A11: Chaos Space Marines | C11: Infantry / Other | D11: Infantry | E11: Chaos Spawn | F11: 2 models | G11: Infantry | L11: 70 | N11: Matched to Munitorum Field Manual v2.3 | O11: Uploaded PDF: Munitorum Field Manual v2.3 / March 2025, p.15
A12: Chaos Space Marines | C12: Infantry / Other | D12: Infantry | E12: Chaos Terminator Squad | F12: 5 models | G12: Infantry | L12: 180 | M12: Points options: 5 models = 180 pts; 10 models = 360 pts | N12: Matched to Munitorum Field Manual v2.3 | O12: Uploaded PDF: Munitorum Field Manual v2.3 / March 2025, p.15
A13: Chaos Space Marines | C13: Vehicle / Support | D13: Vehicle | E13: Chaos Vindicator | F13: 1 model | G13: Vehicle | L13: 185 | N13: Matched to Munitorum Field Manual v2.3 | O13: Uploaded PDF: Munitorum Field Manual v2.3 / March 2025, p.15
A14: Chaos Space Marines | C14: Infantry / Other | D14: Infantry | E14: Chosen | F14: 5 models | G14: Infantry | L14: 125 | M14: Points options: 5 models = 125 pts; 10 models = 250 pts | N14: Matched to Munitorum Field Manual v2.3 | O14: Uploaded PDF: Munitorum Field Manual v2.3 / March 2025, p.15
A15: Chaos Space Marines | C15: Infantry / Other | D15: Infantry | E15: Cultist Mob | F15: 10 models | G15: Infantry | L15: 50 | M15: Points options: 10 models = 50 pts; 20 models = 100 pts | N15: Matched to Munitorum Field Manual v2.3 | O15: Uploaded PDF: Munitorum Field Manual v2.3 / March 2025, p.15
A16: Chaos Space Marines | C16: Infantry / Other | D16: Infantry | E16: Cypher | F16: 1 model | G16: Infantry | L16: 90 | N16: Matched to Munitorum Field Manual v2.3 | O16: Uploaded PDF: Munitorum Field Manual v2.3 / March 2025, p.15
A17: Chaos Space Marines | C17: Infantry / Other | D17: Infantry | E17: Dark Apostle | F17: 3 models | G17: Infantry | L17: 75 | N17: Matched to Munitorum Field Manual v2.3 | O17: Uploaded PDF: Munitorum Field Manual v2.3 / March 2025, p.15
A18: Chaos Space Marines | C18: Infantry / Other | D18: Infantry | E18: Dark Commune | F18: 5 models | G18: Infantry | L18: 80 | N18: Matched to Munitorum Field Manual v2.3 | O18: Uploaded PDF: Munitorum Field Manual v2.3 / March 2025, p.15
A19: Chaos Space Marines | C19: Vehicle / Support | D19: Walker / Battlesuit | E19: Defiler | F19: 1 model | G19: Walker / Battlesuit | L19: 190 | N19: Matched to Munitorum Field Manual v2.3 | O19: Uploaded PDF: Munitorum Field Manual v2.3 / March 2025, p.15
A20: Chaos Space Marines | C20: Vehicle / Support | D20: Walker / Battlesuit | E20: Forgefiend | F20: 1 model | G20: Walker / Battlesuit | L20: 180 | N20: Matched to Munitorum Field Manual v2.3 | O20: Uploaded PDF: Munitorum Field Manual v2.3 / March 2025, p.15
A21: Chaos Space Marines | C21: Infantry / Other | D21: Infantry | E21: Haarken Worldclaimer | F21: 1 model | G21: Infantry | L21: 90 | N21: Matched to Munitorum Field Manual v2.3 | O21: Uploaded PDF: Munitorum Field Manual v2.3 / March 2025, p.15
A22: Chaos Space Marines | C22: Infantry / Other | D22: Infantry | E22: Havocs | F22: 5 models | G22: Infantry | L22: 125 | N22: Matched to Munitorum Field Manual v2.3 | O22: Uploaded PDF: Munitorum Field Manual v2.3 / March 2025, p.15
A23: Chaos Space Marines | C23: Infantry / Other | D23: Infantry | E23: Heldrake | F23: 1 model | G23: Infantry | L23: 205 | N23: Matched to Munitorum Field Manual v2.3 | O23: Uploaded PDF: Munitorum Field Manual v2.3 / March 2025, p.15
A24: Chaos Space Marines | C24: Vehicle / Support | D24: Walker / Battlesuit | E24: Helbrute | F24: 1 model | G24: Walker / Battlesuit | L24: 130 | N24: Matched to Munitorum Field Manual v2.3 | O24: Uploaded PDF: Munitorum Field Manual v2.3 / March 2025, p.15
A25: Chaos Space Marines | C25: Infantry / Other | D25: Infantry | E25: Heretic Astartes Daemon Prince | F25: 1 model | G25: Infantry | L25: 165 | M25: Points options: 1 model = 165 pts; with Wings 1 model = 180 pts | N25: Matched to Munitorum Field Manual v2.3 | O25: Uploaded PDF: Munitorum Field Manual v2.3 / March 2025, p.15
A26: Chaos Space Marines | C26: Infantry / Other | D26: Infantry | E26: Heretic Astartes Daemon Prince with Wings | G26: Infantry | M26: No matching points entry found in uploaded PDF; verify unit name/current support. | N26: Not found in uploaded PDF | O26: Uploaded PDF: Munitorum Field Manual v2.3 / March 2025
A27: Chaos Space Marines | C27: Infantry / Other | D27: Infantry | E27: Huron Blackheart | F27: 1 model | G27: Infantry | L27: 80 | N27: Matched to Munitorum Field Manual v2.3 | O27: Uploaded PDF: Munitorum Field Manual v2.3 / March 2025, p.15
A28: Chaos Space Marines | C28: Vehicle / Support | D28: Super-heavy Vehicle/Monster | E28: Khorne Lord of Skulls | F28: 1 model | G28: Super-heavy Vehicle/Monster | L28: 450 | N28: Matched to Munitorum Field Manual v2.3 | O28: Uploaded PDF: Munitorum Field Manual v2.3 / March 2025, p.15
A29: Chaos Space Marines | C29: Battleline / Core | D29: Infantry | E29: Legionaries | F29: 5 models | G29: Infantry | L29: 90 | M29: Points options: 5 models = 90 pts; 10 models = 170 pts | N29: Matched to Munitorum Field Manual v2.3 | O29: Uploaded PDF: Munitorum Field Manual v2.3 / March 2025, p.15
A30: Chaos Space Marines | C30: Character | D30: Character | E30: Lord Discordant on Helstalker | F30: 1 model | G30: Character | L30: 160 | N30: Matched to Munitorum Field Manual v2.3 | O30: Uploaded PDF: Munitorum Field Manual v2.3 / March 2025, p.15
A31: Chaos Space Marines | C31: Character | D31: Character | E31: Master of Executions | F31: 1 model | G31: Character | L31: 80 | N31: Matched to Munitorum Field Manual v2.3 | O31: Uploaded PDF: Munitorum Field Manual v2.3 / March 2025, p.15
A32: Chaos Space Marines | C32: Character | D32: Character | E32: Master of Possession | F32: 1 model | G32: Character | L32: 70 | N32: Matched to Munitorum Field Manual v2.3 | O32: Uploaded PDF: Munitorum Field Manual v2.3 / March 2025, p.15
A33: Chaos Space Marines | C33: Vehicle / Support | D33: Walker / Battlesuit | E33: Maulerfiend | F33: 1 model | G33: Walker / Battlesuit | L33: 130 | N33: Matched to Munitorum Field Manual v2.3 | O33: Uploaded PDF: Munitorum Field Manual v2.3 / March 2025, p.15
A34: Chaos Space Marines | C34: Infantry / Other | D34: Infantry | E34: Nemesis Claw | F34: 5 models | G34: Infantry | L34: 110 | M34: Points options: 5 models = 110 pts; 10 models = 190 pts | N34: Matched to Munitorum Field Manual v2.3 | O34: Uploaded PDF: Munitorum Field Manual v2.3 / March 2025, p.15
A35: Chaos Space Marines | C35: Infantry / Other | D35: Infantry | E35: Noise Marines | G35: Infantry | M35: No matching points entry found in uploaded PDF; verify unit name/current support. | N35: Not found in uploaded PDF | O35: Uploaded PDF: Munitorum Field Manual v2.3 / March 2025
A36: Chaos Space Marines | C36: Infantry / Other | D36: Infantry | E36: Obliterators | F36: 2 models | G36: Infantry | L36: 160 | N36: Matched to Munitorum Field Manual v2.3 | O36: Uploaded PDF: Munitorum Field Manual v2.3 / March 2025, p.15
A37: Chaos Space Marines | C37: Infantry / Other | D37: Infantry | E37: Possessed | F37: 5 models | G37: Infantry | L37: 120 | M37: Points options: 5 models = 120 pts; 10 models = 240 pts | N37: Matched to Munitorum Field Manual v2.3 | O37: Uploaded PDF: Munitorum Field Manual v2.3 / March 2025, p.15
A38: Chaos Space Marines | C38: Infantry / Other | D38: Infantry | E38: Raptors | F38: 5 models | G38: Infantry | L38: 90 | M38: Points options: 5 models = 90 pts; 10 models = 170 pts | N38: Matched to Munitorum Field Manual v2.3 | O38: Uploaded PDF: Munitorum Field Manual v2.3 / March 2025, p.15
A39: Chaos Space Marines | C39: Infantry / Other | D39: Infantry | E39: Sorcerer | F39: 1 model | G39: Infantry, Psyker | L39: 60 | N39: Matched to Munitorum Field Manual v2.3 | O39: Uploaded PDF: Munitorum Field Manual v2.3 / March 2025, p.15
A40: Chaos Space Marines | C40: Infantry / Other | D40: Infantry | E40: Sorcerer in Terminator Armour | F40: 1 model | G40: Infantry, Psyker | L40: 80 | N40: Matched to Munitorum Field Manual v2.3 | O40: Uploaded PDF: Munitorum Field Manual v2.3 / March 2025, p.15
A41: Chaos Space Marines | C41: Infantry / Other | D41: Infantry | E41: Traitor Guardsmen Squad | F41: 10 models | G41: Infantry | L41: 70 | N41: Matched to Munitorum Field Manual v2.3 | O41: Uploaded PDF: Munitorum Field Manual v2.3 / March 2025, p.15
A42: Chaos Space Marines | C42: Infantry / Other | D42: Infantry | E42: Vashtorr the Arkifane | F42: 1 model | G42: Infantry | L42: 175 | N42: Matched to Munitorum Field Manual v2.3 | O42: Uploaded PDF: Munitorum Field Manual v2.3 / March 2025, p.15
A43: Chaos Space Marines | C43: Vehicle / Support | D43: Walker / Battlesuit | E43: Venomcrawler | F43: 1 model | G43: Walker / Battlesuit | L43: 120 | N43: Matched to Munitorum Field Manual v2.3 | O43: Uploaded PDF: Munitorum Field Manual v2.3 / March 2025, p.15
A44: Chaos Space Marines | C44: Infantry / Other | D44: Infantry | E44: Warp Talons | F44: 5 models | G44: Infantry | L44: 125 | M44: Points options: 5 models = 125 pts; 10 models = 270 pts | N44: Matched to Munitorum Field Manual v2.3 | O44: Uploaded PDF: Munitorum Field Manual v2.3 / March 2025, p.15
A45: Chaos Space Marines | C45: Infantry / Other | D45: Infantry | E45: Warpsmith | F45: 1 model | G45: Infantry | L45: 70 | N45: Matched to Munitorum Field Manual v2.3 | O45: Uploaded PDF: Munitorum Field Manual v2.3 / March 2025, p.15
A46: Chaos Space Marines | C46: Character | D46: Character | E46: Chaos Lord With Jump Pack | F46: 1 model | G46: Character | L46: 90 | N46: Added from current Munitorum Field Manual v4.1 (non-Legends) | O46: https://www.warhammer-community.com/en-gb/downloads/warhammer-40000/
A47: Chaos Space Marines | C47: Character | D47: Character | E47: Cultist Firebrand | F47: 1 model | G47: Character | L47: 45 | M47: Your 1st To 2nd Units Cost: 1 models = 45 pts | Your 3rd + Unit Costs: 1 models = 50 pts | N47: Added from current Munitorum Field Manual v4.1 (non-Legends) | O47: https://www.warhammer-community.com/en-gb/downloads/warhammer-40000/
A48: Chaos Space Marines | C48: Character | D48: Character | E48: Fabius Bile | F48: 2 models | G48: Character | L48: 100 | N48: Added from current Munitorum Field Manual v4.1 (non-Legends) | O48: https://www.warhammer-community.com/en-gb/downloads/warhammer-40000/
A49: Chaos Space Marines | C49: Infantry / Other | D49: Beast / Swarm | E49: Fellgor Beastmen | F49: 10 models | G49: Beast / Swarm | L49: 60 | N49: Added from current Munitorum Field Manual v4.1 (non-Legends) | O49: https://www.warhammer-community.com/en-gb/downloads/warhammer-40000/
A50: Chaos Space Marines | C50: Character | D50: Character | E50: Kravek Morne | F50: 1 model | G50: Character | L50: 120 | N50: Added from current Munitorum Field Manual v4.1 (non-Legends) | O50: https://www.warhammer-community.com/en-gb/downloads/warhammer-40000/
A51: Chaos Space Marines | C51: Character | D51: Character | E51: Masters Of The Maelstrom | F51: 5 models | G51: Character | L51: 135 | N51: Added from current Munitorum Field Manual v4.1 (non-Legends) | O51: https://www.warhammer-community.com/en-gb/downloads/warhammer-40000/
A52: Chaos Space Marines | C52: Infantry / Other | D52: Infantry | E52: Mutilators | F52: 3 models | G52: Infantry | L52: 180 | M52: Your 1st To 2nd Units Cost: 3 models = 180 pts | Your 3rd + Unit Costs: 3 models = 190 pts | N52: Added from current Munitorum Field Manual v4.1 (non-Legends) | O52: https://www.warhammer-community.com/en-gb/downloads/warhammer-40000/
A53: Chaos Space Marines | C53: Vehicle / Support | D53: Vehicle | E53: Noctilith Crown | F53: 1 model | G53: Vehicle | L53: 125 | N53: Added from current Munitorum Field Manual v4.1 (non-Legends) | O53: https://www.warhammer-community.com/en-gb/downloads/warhammer-40000/
A54: Chaos Space Marines | C54: Vehicle / Support | D54: Vehicle | E54: Red Corsairs Raiders | F54: 5 models | G54: Vehicle | L54: 110 | M54: Your 1st To 2nd Units Cost: 5 models = 110 pts; 10 models = 210 pts | Your 3rd + Unit Costs: 5 models = 120 pts; 10 models = 220 pts | N54: Added from current Munitorum Field Manual v4.1 (non-Legends) | O54: https://www.warhammer-community.com/en-gb/downloads/warhammer-40000/
A55: Chaos Space Marines | C55: Character | D55: Character | E55: Red Corsairs Reave-Captain | F55: 1 model | G55: Character | L55: 70 | N55: Added from current Munitorum Field Manual v4.1 (non-Legends) | O55: https://www.warhammer-community.com/en-gb/downloads/warhammer-40000/
A56: Chaos Space Marines | C56: Character | D56: Character | E56: Traitor Enforcer | F56: 2 models | G56: Character | L56: 70 | N56: Added from current Munitorum Field Manual v4.1 (non-Legends) | O56: https://www.warhammer-community.com/en-gb/downloads/warhammer-40000/

Sheet Dark Angels
A1: Faction | B1: Subfaction/Chapter | C1: Battlefield Role | D1: Unit Type | E1: Unit Name | F1: Models | G1: Keywords / Tags | H1: Owned? | I1: Built? | J1: Paint Status | K1: Wishlist Priority | L1: Points | M1: Notes | N1: Verification Status | O1: Source URL
A2: Dark Angels | B2: Dark Angels | C2: Infantry / Other | D2: Infantry | E2: Asmodai | F2: 1 model | G2: Infantry | L2: 70 | N2: Matched to Munitorum Field Manual v2.3 | O2: Uploaded PDF: Munitorum Field Manual v2.3 / March 2025, p.17
A3: Dark Angels | B3: Dark Angels | C3: Infantry / Other | D3: Infantry | E3: Azrael | F3: 1 model | G3: Infantry | L3: 115 | N3: Matched to Munitorum Field Manual v2.3 | O3: Uploaded PDF: Munitorum Field Manual v2.3 / March 2025, p.17
A4: Dark Angels | B4: Dark Angels | C4: Infantry / Other | D4: Infantry | E4: Belial | F4: 1 model | G4: Infantry | L4: 85 | N4: Matched to Munitorum Field Manual v2.3 | O4: Uploaded PDF: Munitorum Field Manual v2.3 / March 2025, p.17
A5: Dark Angels | B5: Dark Angels | C5: Vehicle / Support | D5: Super-heavy Vehicle/Monster | E5: Black Knights | G5: Super-heavy Vehicle/Monster | M5: No matching points entry found in uploaded PDF; verify unit name/current support. | N5: Not found in uploaded PDF | O5: Uploaded PDF: Munitorum Field Manual v2.3 / March 2025
A6: Dark Angels | B6: Dark Angels | C6: Infantry / Other | D6: Infantry | E6: Deathwing Command Squad | G6: Infantry | M6: No matching points entry found in uploaded PDF; verify unit name/current support. | N6: Not found in uploaded PDF | O6: Uploaded PDF: Munitorum Field Manual v2.3 / March 2025
A7: Dark Angels | B7: Dark Angels | C7: Vehicle / Support | D7: Super-heavy Vehicle/Monster | E7: Deathwing Knights | F7: 5 models | G7: Super-heavy Vehicle/Monster | L7: 250 | N7: Matched to Munitorum Field Manual v2.3 | O7: Uploaded PDF: Munitorum Field Manual v2.3 / March 2025, p.17
A8: Dark Angels | B8: Dark Angels | C8: Infantry / Other | D8: Infantry | E8: Deathwing Terminator Squad | F8: 5 models | G8: Infantry | L8: 180 | M8: Points options: 5 models = 180 pts; 10 models = 360 pts | N8: Matched to Munitorum Field Manual v2.3 | O8: Uploaded PDF: Munitorum Field Manual v2.3 / March 2025, p.17
A9: Dark Angels | B9: Dark Angels | C9: Infantry / Other | D9: Infantry | E9: Ezekiel | F9: 1 model | G9: Infantry | L9: 75 | N9: Matched to Munitorum Field Manual v2.3 | O9: Uploaded PDF: Munitorum Field Manual v2.3 / March 2025, p.17
A10: Dark Angels | B10: Dark Angels | C10: Infantry / Other | D10: Infantry | E10: Inner Circle Companions | F10: 3 models | G10: Infantry | L10: 90 | M10: Points options: 3 models = 90 pts; 6 models = 180 pts | N10: Matched to Munitorum Field Manual v2.3 | O10: Uploaded PDF: Munitorum Field Manual v2.3 / March 2025, p.17
A11: Dark Angels | B11: Dark Angels | C11: Infantry / Other | D11: Infantry | E11: Land Speeder Vengeance | F11: 1 model | G11: Infantry | L11: 120 | N11: Matched to Munitorum Field Manual v2.3 | O11: Uploaded PDF: Munitorum Field Manual v2.3 / March 2025, p.17
A12: Dark Angels | B12: Dark Angels | C12: Infantry / Other | D12: Infantry | E12: Lion El'Jonson | F12: 1 model | G12: Infantry, Epic Hero | L12: 315 | N12: Matched to Munitorum Field Manual v2.3 | O12: Uploaded PDF: Munitorum Field Manual v2.3 / March 2025, p.17
A13: Dark Angels | B13: Dark Angels | C13: Infantry / Other | D13: Infantry | E13: Ravenwing Command Squad | F13: 3 models | G13: Infantry | L13: 120 | N13: Matched to Munitorum Field Manual v2.3 | O13: Uploaded PDF: Munitorum Field Manual v2.3 / March 2025, p.17
A14: Dark Angels | B14: Dark Angels | C14: Infantry / Other | D14: Infantry | E14: Ravenwing Darkshroud | F14: 1 model | G14: Infantry | L14: 115 | N14: Matched to Munitorum Field Manual v2.3 | O14: Uploaded PDF: Munitorum Field Manual v2.3 / March 2025, p.17
A15: Dark Angels | B15: Dark Angels | C15: Character | D15: Character | E15: Ravenwing Talonmaster | G15: Character | M15: No matching points entry found in uploaded PDF; verify unit name/current support. | N15: Not found in uploaded PDF | O15: Uploaded PDF: Munitorum Field Manual v2.3 / March 2025
A16: Dark Angels | B16: Dark Angels | C16: Infantry / Other | D16: Infantry | E16: Sammael | F16: 1 model | G16: Infantry | L16: 115 | N16: Matched to Munitorum Field Manual v2.3 | O16: Uploaded PDF: Munitorum Field Manual v2.3 / March 2025, p.17
A17: Dark Angels | B17: Dark Angels | C17: Vehicle / Support | D17: Vehicle | E17: Storm Speeder Darkshroud | G17: Vehicle | M17: No matching points entry found in uploaded PDF; verify unit name/current support. | N17: Not found in uploaded PDF | O17: Uploaded PDF: Munitorum Field Manual v2.3 / March 2025
A18: Dark Angels | B18: Dark Angels | C18: Vehicle / Support | D18: Vehicle | E18: Storm Speeder Vengeance | G18: Vehicle | M18: No matching points entry found in uploaded PDF; verify unit name/current support. | N18: Not found in uploaded PDF | O18: Uploaded PDF: Munitorum Field Manual v2.3 / March 2025
A19: Dark Angels | B19: Dark Angels | C19: Character | D19: Character | E19: Lazarus | F19: 1 model | G19: Character | L19: 70 | N19: Added from current Munitorum Field Manual v4.1 (non-Legends) | O19: https://www.warhammer-community.com/en-gb/downloads/warhammer-40000/
A20: Dark Angels | B20: Dark Angels | C20: Vehicle / Support | D20: Vehicle | E20: Nephilim Jetfighter | F20: 1 model | G20: Vehicle | L20: 195 | N20: Added from current Munitorum Field Manual v4.1 (non-Legends) | O20: https://www.warhammer-community.com/en-gb/downloads/warhammer-40000/
A21: Dark Angels | B21: Dark Angels | C21: Infantry / Other | D21: Infantry | E21: Ravenwing Dark Talon | F21: 1 model | G21: Infantry | L21: 200 | N21: Added from current Munitorum Field Manual v4.1 (non-Legends) | O21: https://www.warhammer-community.com/en-gb/downloads/warhammer-40000/

Sheet Death Guard
A1: Faction | B1: Subfaction/Chapter | C1: Battlefield Role | D1: Unit Type | E1: Unit Name | F1: Models | G1: Keywords / Tags | H1: Owned? | I1: Built? | J1: Paint Status | K1: Wishlist Priority | L1: Points | M1: Notes | N1: Verification Status | O1: Source URL
A2: Death Guard | C2: Infantry / Other | D2: Infantry | E2: Biologus Putrifier | F2: 1 model | G2: Infantry | L2: 50 | N2: Matched to Munitorum Field Manual v2.3 | O2: Uploaded PDF: Munitorum Field Manual v2.3 / March 2025, p.18
A3: Death Guard | C3: Character | D3: Character | E3: Blightlord Terminators | F3: 5 models | G3: Character | L3: 155 | M3: Points options: 5 models = 155 pts; 10 models = 310 pts | N3: Matched to Munitorum Field Manual v2.3 | O3: Uploaded PDF: Munitorum Field Manual v2.3 / March 2025, p.18
A4: Death Guard | C4: Character | D4: Character | E4: Death Guard Chaos Lord | F4: 1 model | G4: Character | L4: 65 | N4: Matched to Munitorum Field Manual v2.3 | O4: Uploaded PDF: Munitorum Field Manual v2.3 / March 2025, p.18
A5: Death Guard | C5: Character | D5: Character | E5: Death Guard Chaos Lord in Terminator Armour | F5: 1 model | G5: Character | L5: 85 | N5: Matched to Munitorum Field Manual v2.3 | O5: Uploaded PDF: Munitorum Field Manual v2.3 / March 2025, p.18
A6: Death Guard | C6: Infantry / Other | D6: Infantry | E6: Death Guard Cultists | F6: 10 models | G6: Infantry | L6: 50 | M6: Points options: 10 models = 50 pts; 20 models = 100 pts | N6: Matched to Munitorum Field Manual v2.3 | O6: Uploaded PDF: Munitorum Field Manual v2.3 / March 2025, p.18
A7: Death Guard | C7: Infantry / Other | D7: Infantry | E7: Death Guard Daemon Prince | F7: 1 model | G7: Infantry | L7: 160 | N7: Matched to Munitorum Field Manual v2.3 | O7: Uploaded PDF: Munitorum Field Manual v2.3 / March 2025, p.18
A8: Death Guard | C8: Infantry / Other | D8: Infantry | E8: Death Guard Daemon Prince with Wings | F8: 1 model | G8: Infantry | L8: 195 | N8: Matched to Munitorum Field Manual v2.3 | O8: Uploaded PDF: Munitorum Field Manual v2.3 / March 2025, p.18
A9: Death Guard | C9: Vehicle / Support | D9: Walker / Battlesuit | E9: Death Guard Defiler | F9: 1 model | G9: Walker / Battlesuit | L9: 190 | N9: Matched to Munitorum Field Manual v2.3 | O9: Uploaded PDF: Munitorum Field Manual v2.3 / March 2025, p.18
A10: Death Guard | C10: Vehicle / Support | D10: Walker / Battlesuit | E10: Death Guard Helbrute | F10: 1 model | G10: Walker / Battlesuit | L10: 130 | N10: Matched to Munitorum Field Manual v2.3 | O10: Uploaded PDF: Munitorum Field Manual v2.3 / March 2025, p.18
A11: Death Guard | C11: Infantry / Other | D11: Infantry | E11: Death Guard Icon Bearer | F11: 1 model | G11: Infantry | L11: 45 | N11: Matched to Munitorum Field Manual v2.3 | O11: Uploaded PDF: Munitorum Field Manual v2.3 / March 2025, p.18
A12: Death Guard | C12: Vehicle / Support | D12: Vehicle | E12: Death Guard Land Raider | F12: 1 model | G12: Vehicle | L12: 240 | N12: Matched to Munitorum Field Manual v2.3 | O12: Uploaded PDF: Munitorum Field Manual v2.3 / March 2025, p.18
A13: Death Guard | C13: Vehicle / Support | D13: Vehicle | E13: Death Guard Predator Annihilator | F13: 1 model | G13: Vehicle | L13: 135 | N13: Matched to Munitorum Field Manual v2.3 | O13: Uploaded PDF: Munitorum Field Manual v2.3 / March 2025, p.18
A14: Death Guard | C14: Vehicle / Support | D14: Vehicle | E14: Death Guard Predator Destructor | F14: 1 model | G14: Vehicle | L14: 140 | N14: Matched to Munitorum Field Manual v2.3 | O14: Uploaded PDF: Munitorum Field Manual v2.3 / March 2025, p.18
A15: Death Guard | C15: Vehicle / Support | D15: Vehicle | E15: Death Guard Rhino | F15: 1 model | G15: Vehicle | L15: 75 | N15: Matched to Munitorum Field Manual v2.3 | O15: Uploaded PDF: Munitorum Field Manual v2.3 / March 2025, p.18
A16: Death Guard | C16: Infantry / Other | D16: Infantry | E16: Death Guard Sorcerer in Terminator Armour | F16: 1 model | G16: Infantry, Psyker | L16: 70 | N16: Matched to Munitorum Field Manual v2.3 | O16: Uploaded PDF: Munitorum Field Manual v2.3 / March 2025, p.18
A17: Death Guard | C17: Infantry / Other | D17: Infantry | E17: Deathshroud Terminators | F17: 3 models | G17: Infantry | L17: 110 | M17: Points options: 3 models = 110 pts; 6 models = 220 pts | N17: Matched to Munitorum Field Manual v2.3 | O17: Uploaded PDF: Munitorum Field Manual v2.3 / March 2025, p.18
A18: Death Guard | C18: Vehicle / Support | D18: Walker / Battlesuit | E18: Foetid Bloat-drone | F18: 1 model | G18: Walker / Battlesuit | L18: 90 | N18: Matched to Munitorum Field Manual v2.3 | O18: Uploaded PDF: Munitorum Field Manual v2.3 / March 2025, p.18
A19: Death Guard | C19: Infantry / Other | D19: Infantry | E19: Foul Blightspawn | F19: 1 model | G19: Infantry | L19: 60 | N19: Matched to Munitorum Field Manual v2.3 | O19: Uploaded PDF: Munitorum Field Manual v2.3 / March 2025, p.18
A20: Death Guard | C20: Character | D20: Character | E20: Lord of Contagion | F20: 1 model | G20: Character | L20: 80 | N20: Matched to Munitorum Field Manual v2.3 | O20: Uploaded PDF: Munitorum Field Manual v2.3 / March 2025, p.18
A21: Death Guard | C21: Character | D21: Character | E21: Lord of Virulence | F21: 1 model | G21: Character | L21: 80 | N21: Matched to Munitorum Field Manual v2.3 | O21: Uploaded PDF: Munitorum Field Manual v2.3 / March 2025, p.18
A22: Death Guard | C22: Infantry / Other | D22: Infantry | E22: Malignant Plaguecaster | F22: 1 model | G22: Infantry | L22: 65 | N22: Matched to Munitorum Field Manual v2.3 | O22: Uploaded PDF: Munitorum Field Manual v2.3 / March 2025, p.18
A23: Death Guard | C23: Monster / Heavy Support | D23: Monster | E23: Mortarion | F23: 1 model | G23: Monster, Epic Hero | L23: 300 | N23: Matched to Munitorum Field Manual v2.3 | O23: Uploaded PDF: Munitorum Field Manual v2.3 / March 2025, p.18
A24: Death Guard | C24: Infantry / Other | D24: Infantry | E24: Miasmic Malignifier | F24: 1 model | G24: Infantry | L24: 115 | N24: Matched to Munitorum Field Manual v2.3 | O24: Uploaded PDF: Munitorum Field Manual v2.3 / March 2025, p.18
A25: Death Guard | C25: Vehicle / Support | D25: Walker / Battlesuit | E25: Myphitic Blight-haulers | F25: 1 model | G25: Walker / Battlesuit | L25: 85 | M25: Points options: 1 model = 85 pts; 2 models = 170 pts; 3 models = 255 pts | N25: Matched to Munitorum Field Manual v2.3 | O25: Uploaded PDF: Munitorum Field Manual v2.3 / March 2025, p.18
A26: Death Guard | C26: Infantry / Other | D26: Infantry | E26: Noxious Blightbringer | F26: 1 model | G26: Infantry | L26: 45 | N26: Matched to Munitorum Field Manual v2.3 | O26: Uploaded PDF: Munitorum Field Manual v2.3 / March 2025, p.18
A27: Death Guard | C27: Battleline / Core | D27: Infantry | E27: Plague Marines | F27: 5 models | G27: Infantry | L27: 90 | M27: Points options: 5 models = 90 pts; 7 models = 125 pts; 10 models = 180 pts | N27: Matched to Munitorum Field Manual v2.3 | O27: Uploaded PDF: Munitorum Field Manual v2.3 / March 2025, p.18
A28: Death Guard | C28: Infantry / Other | D28: Infantry | E28: Plague Surgeon | F28: 1 model | G28: Infantry | L28: 50 | N28: Matched to Munitorum Field Manual v2.3 | O28: Uploaded PDF: Munitorum Field Manual v2.3 / March 2025, p.18
A29: Death Guard | C29: Vehicle / Support | D29: Walker / Battlesuit | E29: Plagueburst Crawler | F29: 1 model | G29: Walker / Battlesuit | L29: 180 | N29: Matched to Munitorum Field Manual v2.3 | O29: Uploaded PDF: Munitorum Field Manual v2.3 / March 2025, p.18
A30: Death Guard | C30: Infantry / Other | D30: Infantry | E30: Poxwalkers | F30: 10 models | G30: Infantry | L30: 50 | M30: Points options: 10 models = 50 pts; 20 models = 100 pts | N30: Matched to Munitorum Field Manual v2.3 | O30: Uploaded PDF: Munitorum Field Manual v2.3 / March 2025, p.18
A31: Death Guard | C31: Infantry / Other | D31: Infantry | E31: Tallyman | F31: 1 model | G31: Infantry | L31: 45 | N31: Matched to Munitorum Field Manual v2.3 | O31: Uploaded PDF: Munitorum Field Manual v2.3 / March 2025, p.18
A32: Death Guard | C32: Infantry / Other | D32: Infantry | E32: Typhus | F32: 1 model | G32: Infantry | L32: 80 | N32: Matched to Munitorum Field Manual v2.3 | O32: Uploaded PDF: Munitorum Field Manual v2.3 / March 2025, p.18
A33: Death Guard | C33: Infantry / Other | D33: Beast / Swarm | E33: Beasts Of Nurgle | F33: 1 model | G33: Beast / Swarm | L33: 70 | N33: Added from current Munitorum Field Manual v4.1 (non-Legends) | O33: https://www.warhammer-community.com/en-gb/downloads/warhammer-40000/
A34: Death Guard | C34: Vehicle / Support | D34: Vehicle | E34: Chaos Land Raider | F34: 1 model | G34: Vehicle | L34: 220 | M34: Your 1st To 2nd Units Cost: 1 models = 220 pts | Your 3rd + Unit Costs: 1 models = 240 pts | N34: Added from current Munitorum Field Manual v4.1 (non-Legends) | O34: https://www.warhammer-community.com/en-gb/downloads/warhammer-40000/
A35: Death Guard | C35: Vehicle / Support | D35: Vehicle | E35: Chaos Predator Annihilator | F35: 1 model | G35: Vehicle | L35: 135 | M35: Your 1st To 2nd Units Cost: 1 models = 135 pts | Your 3rd + Unit Costs: 1 models = 145 pts | N35: Added from current Munitorum Field Manual v4.1 (non-Legends) | O35: https://www.warhammer-community.com/en-gb/downloads/warhammer-40000/
A36: Death Guard | C36: Vehicle / Support | D36: Vehicle | E36: Chaos Predator Destructor | F36: 1 model | G36: Vehicle | L36: 145 | M36: Your 1st To 2nd Units Cost: 1 models = 145 pts | Your 3rd + Unit Costs: 1 models = 155 pts | N36: Added from current Munitorum Field Manual v4.1 (non-Legends) | O36: https://www.warhammer-community.com/en-gb/downloads/warhammer-40000/
A37: Death Guard | C37: Vehicle / Support | D37: Vehicle | E37: Chaos Rhino | F37: 1 model | G37: Vehicle | L37: 85 | N37: Added from current Munitorum Field Manual v4.1 (non-Legends) | O37: https://www.warhammer-community.com/en-gb/downloads/warhammer-40000/
A38: Death Guard | C38: Monster / Support | D38: Monster | E38: Daemon Prince Of Nurgle | F38: 1 model | G38: Monster | L38: 195 | N38: Added from current Munitorum Field Manual v4.1 (non-Legends) | O38: https://www.warhammer-community.com/en-gb/downloads/warhammer-40000/
A39: Death Guard | C39: Monster / Support | D39: Monster | E39: Daemon Prince Of Nurgle With Wings | F39: 1 model | G39: Monster | L39: 170 | N39: Added from current Munitorum Field Manual v4.1 (non-Legends) | O39: https://www.warhammer-community.com/en-gb/downloads/warhammer-40000/
A40: Death Guard | C40: Infantry / Other | D40: Infantry | E40: Foetid Bloat-Drone With Heavy Blight Launcher | F40: 1 model | G40: Infantry | L40: 125 | M40: Your 1st To 2nd Units Cost: 1 models = 125 pts | Your 3rd + Unit Costs: 1 models = 135 pts | N40: Added from current Munitorum Field Manual v4.1 (non-Legends) | O40: https://www.warhammer-community.com/en-gb/downloads/warhammer-40000/
A41: Death Guard | C41: Monster / Support | D41: Monster | E41: Great Unclean One | F41: 1 model | G41: Monster | L41: 265 | M41: Your 1st To 2nd Units Cost: 1 models = 265 pts | Your 3rd + Unit Costs: 1 models = 280 pts | N41: Added from current Munitorum Field Manual v4.1 (non-Legends) | O41: https://www.warhammer-community.com/en-gb/downloads/warhammer-40000/
A42: Death Guard | C42: Character | D42: Character | E42: Lord Of Poxes | F42: 1 model | G42: Character | L42: 65 | N42: Added from current Munitorum Field Manual v4.1 (non-Legends) | O42: https://www.warhammer-community.com/en-gb/downloads/warhammer-40000/
A43: Death Guard | C43: Infantry / Other | D43: Beast / Swarm | E43: Nurglings | F43: 3 models | G43: Beast / Swarm | L43: 45 | N43: Added from current Munitorum Field Manual v4.1 (non-Legends) | O43: https://www.warhammer-community.com/en-gb/downloads/warhammer-40000/
A44: Death Guard | C44: Infantry / Other | D44: Infantry | E44: Plague Drones | F44: 3 models | G44: Infantry | L44: 110 | N44: Added from current Munitorum Field Manual v4.1 (non-Legends) | O44: https://www.warhammer-community.com/en-gb/downloads/warhammer-40000/
A45: Death Guard | C45: Infantry / Other | D45: Infantry | E45: Plaguebearers | F45: 10 models | G45: Infantry | L45: 115 | N45: Added from current Munitorum Field Manual v4.1 (non-Legends) | O45: https://www.warhammer-community.com/en-gb/downloads/warhammer-40000/
A46: Death Guard | C46: Monster / Support | D46: Monster | E46: Rotigus | F46: 1 model | G46: Monster | L46: 280 | N46: Added from current Munitorum Field Manual v4.1 (non-Legends) | O46: https://www.warhammer-community.com/en-gb/downloads/warhammer-40000/

Sheet Deathwatch
A1: Faction | B1: Subfaction/Chapter | C1: Battlefield Role | D1: Unit Type | E1: Unit Name | F1: Models | G1: Keywords / Tags | H1: Owned? | I1: Built? | J1: Paint Status | K1: Wishlist Priority | L1: Points | M1: Notes | N1: Verification Status | O1: Source URL
A2: Deathwatch | B2: Deathwatch | C2: Infantry / Other | D2: Infantry | E2: Corvus Blackstar | F2: 1 model | G2: Infantry | L2: 180 | N2: Matched to Munitorum Field Manual v2.3 | O2: Uploaded PDF: Munitorum Field Manual v2.3 / March 2025, p.19
A3: Deathwatch | B3: Deathwatch | C3: Infantry / Other | D3: Infantry | E3: Deathwatch Terminator Squad | F3: 5 models | G3: Infantry | L3: 190 | M3: Points options: 5 models = 190 pts; 10 models = 350 pts | N3: Matched to Munitorum Field Manual v2.3 | O3: Uploaded PDF: Munitorum Field Manual v2.3 / March 2025, p.19
A4: Deathwatch | B4: Deathwatch | C4: Infantry / Other | D4: Infantry | E4: Fortis Kill Team | F4: 10 models | G4: Infantry | L4: 200 | N4: Matched to Munitorum Field Manual v2.3 | O4: Uploaded PDF: Munitorum Field Manual v2.3 / March 2025, p.19
A5: Deathwatch | B5: Deathwatch | C5: Infantry / Other | D5: Infantry | E5: Indomitor Kill Team | F5: 10 models | G5: Infantry | L5: 270 | N5: Matched to Munitorum Field Manual v2.3 | O5: Uploaded PDF: Munitorum Field Manual v2.3 / March 2025, p.19
A6: Deathwatch | B6: Deathwatch | C6: Infantry / Other | D6: Infantry | E6: Kill Team Cassius | G6: Infantry | M6: No matching points entry found in uploaded PDF; verify unit name/current support. | N6: Not found in uploaded PDF | O6: Uploaded PDF: Munitorum Field Manual v2.3 / March 2025
A7: Deathwatch | B7: Deathwatch | C7: Infantry / Other | D7: Infantry | E7: Proteus Kill Team | G7: Infantry | M7: No matching points entry found in uploaded PDF; verify unit name/current support. | N7: Not found in uploaded PDF | O7: Uploaded PDF: Munitorum Field Manual v2.3 / March 2025
A8: Deathwatch | B8: Deathwatch | C8: Infantry / Other | D8: Infantry | E8: Spectrus Kill Team | F8: 10 models | G8: Infantry | L8: 200 | N8: Matched to Munitorum Field Manual v2.3 | O8: Uploaded PDF: Munitorum Field Manual v2.3 / March 2025, p.19
A9: Deathwatch | B9: Deathwatch | C9: Infantry / Other | D9: Infantry | E9: Veteran Squad | G9: Infantry | M9: No matching points entry found in uploaded PDF; verify unit name/current support. | N9: Not found in uploaded PDF | O9: Uploaded PDF: Munitorum Field Manual v2.3 / March 2025
A10: Deathwatch | B10: Deathwatch | C10: Character | D10: Character | E10: Watch Captain Artemis | F10: 1 model | G10: Character | L10: 65 | N10: Matched to Munitorum Field Manual v2.3 | O10: Uploaded PDF: Munitorum Field Manual v2.3 / March 2025, p.19
A11: Deathwatch | B11: Deathwatch | C11: Character | D11: Character | E11: Watch Master | F11: 1 model | G11: Character | L11: 105 | N11: Matched to Munitorum Field Manual v2.3 | O11: Uploaded PDF: Munitorum Field Manual v2.3 / March 2025, p.19
A12: Deathwatch | B12: Deathwatch | C12: Infantry / Other | D12: Infantry | E12: Decimus Kill Team | F12: 5 models | G12: Infantry | L12: 100 | N12: Added from current Munitorum Field Manual v4.1 (non-Legends) | O12: https://www.warhammer-community.com/en-gb/downloads/warhammer-40000/
A13: Deathwatch | B13: Deathwatch | C13: Infantry / Other | D13: Infantry | E13: Talonstrike Kill Team | F13: 10 models | G13: Infantry | L13: 265 | M13: Your 1st To 2nd Units Cost: 10 models = 265 pts | Your 3rd + Unit Costs: 10 models = 280 pts | N13: Added from current Munitorum Field Manual v4.1 (non-Legends) | O13: https://www.warhammer-community.com/en-gb/downloads/warhammer-40000/

Sheet Drukhari
A1: Faction | B1: Subfaction/Chapter | C1: Battlefield Role | D1: Unit Type | E1: Unit Name | F1: Models | G1: Keywords / Tags | H1: Owned? | I1: Built? | J1: Paint Status | K1: Wishlist Priority | L1: Points | M1: Notes | N1: Verification Status | O1: Source URL
A2: Drukhari | C2: Character | D2: Character | E2: Archon | F2: 1 model | G2: Character | L2: 85 | N2: Matched to Munitorum Field Manual v2.3 | O2: Uploaded PDF: Munitorum Field Manual v2.3 / March 2025, p.20
A3: Drukhari | C3: Character | D3: Character | E3: Beastmaster | F3: 7 models | G3: Character | L3: 120 | N3: Matched to Munitorum Field Manual v2.3 | O3: Uploaded PDF: Munitorum Field Manual v2.3 / March 2025, p.20
A4: Drukhari | C4: Infantry / Other | D4: Infantry | E4: Cronos | F4: 1 model | G4: Infantry | L4: 50 | M4: Points options: 1 model = 50 pts; 2 models = 100 pts | N4: Matched to Munitorum Field Manual v2.3 | O4: Uploaded PDF: Munitorum Field Manual v2.3 / March 2025, p.20
A5: Drukhari | C5: Infantry / Other | D5: Infantry | E5: Drazhar | F5: 1 model | G5: Infantry | L5: 85 | N5: Matched to Munitorum Field Manual v2.3 | O5: Uploaded PDF: Munitorum Field Manual v2.3 / March 2025, p.20
A6: Drukhari | C6: Infantry / Other | D6: Infantry | E6: Grotesques | F6: 3 models | G6: Infantry | L6: 80 | M6: Points options: 3 models = 80 pts; 6 models = 170 pts | N6: Matched to Munitorum Field Manual v2.3 | O6: Uploaded PDF: Munitorum Field Manual v2.3 / March 2025, p.20
A7: Drukhari | C7: Character | D7: Character | E7: Haemonculus | F7: 1 model | G7: Character | L7: 60 | N7: Matched to Munitorum Field Manual v2.3 | O7: Uploaded PDF: Munitorum Field Manual v2.3 / March 2025, p.20
A8: Drukhari | C8: Infantry / Other | D8: Infantry | E8: Hellions | F8: 5 models | G8: Infantry, Epic Hero | L8: 75 | M8: Points options: 5 models = 75 pts; 10 models = 150 pts | N8: Matched to Munitorum Field Manual v2.3 | O8: Uploaded PDF: Munitorum Field Manual v2.3 / March 2025, p.20
A9: Drukhari | C9: Infantry / Other | D9: Infantry | E9: Incubi | F9: 5 models | G9: Infantry | L9: 85 | M9: Points options: 5 models = 85 pts; 10 models = 170 pts | N9: Matched to Munitorum Field Manual v2.3 | O9: Uploaded PDF: Munitorum Field Manual v2.3 / March 2025, p.20
A10: Drukhari | C10: Battleline / Core | D10: Infantry | E10: Kabalite Warriors | F10: 10 models | G10: Infantry | L10: 100 | N10: Matched to Munitorum Field Manual v2.3 | O10: Uploaded PDF: Munitorum Field Manual v2.3 / March 2025, p.20
A11: Drukhari | C11: Infantry / Other | D11: Infantry | E11: Lelith Hesperax | F11: 1 model | G11: Infantry | L11: 95 | N11: Matched to Munitorum Field Manual v2.3 | O11: Uploaded PDF: Munitorum Field Manual v2.3 / March 2025, p.20
A12: Drukhari | C12: Infantry / Other | D12: Infantry | E12: Mandrakes | F12: 5 models | G12: Infantry | L12: 70 | M12: Points options: 5 models = 70 pts; 10 models = 130 pts | N12: Matched to Munitorum Field Manual v2.3 | O12: Uploaded PDF: Munitorum Field Manual v2.3 / March 2025, p.20
A13: Drukhari | C13: Vehicle / Support | D13: Vehicle | E13: Raider | F13: 1 model | G13: Vehicle | L13: 80 | N13: Matched to Munitorum Field Manual v2.3 | O13: Uploaded PDF: Munitorum Field Manual v2.3 / March 2025, p.20
A14: Drukhari | C14: Vehicle / Support | D14: Vehicle | E14: Ravager | F14: 1 model | G14: Vehicle | L14: 110 | N14: Matched to Munitorum Field Manual v2.3 | O14: Uploaded PDF: Munitorum Field Manual v2.3 / March 2025, p.20
A15: Drukhari | C15: Vehicle / Support | D15: Aircraft | E15: Razorwing Jetfighter | F15: 1 model | G15: Aircraft | L15: 170 | N15: Matched to Munitorum Field Manual v2.3 | O15: Uploaded PDF: Munitorum Field Manual v2.3 / March 2025, p.20
A16: Drukhari | C16: Infantry / Other | D16: Mounted / Bike | E16: Reavers | F16: 3 models | G16: Mounted / Bike | L16: 65 | M16: Points options: 3 models = 65 pts; 6 models = 120 pts | N16: Matched to Munitorum Field Manual v2.3 | O16: Uploaded PDF: Munitorum Field Manual v2.3 / March 2025, p.20
A17: Drukhari | C17: Infantry / Other | D17: Infantry | E17: Scourges | F17: 5 models | G17: Infantry | L17: 130 | M17: Points options: 5 models = 130 pts; 10 models = 180 pts | N17: Matched to Munitorum Field Manual v2.3 | O17: Uploaded PDF: Munitorum Field Manual v2.3 / March 2025, p.20
A18: Drukhari | C18: Character | D18: Character | E18: Succubus | F18: 1 model | G18: Character | L18: 45 | N18: Matched to Munitorum Field Manual v2.3 | O18: Uploaded PDF: Munitorum Field Manual v2.3 / March 2025, p.20
A19: Drukhari | C19: Infantry / Other | D19: Infantry | E19: Talos | F19: 1 model | G19: Infantry | L19: 80 | M19: Points options: 1 model = 80 pts; 2 models = 160 pts | N19: Matched to Munitorum Field Manual v2.3 | O19: Uploaded PDF: Munitorum Field Manual v2.3 / March 2025, p.20
A20: Drukhari | C20: Vehicle / Support | D20: Vehicle | E20: Tantalus | G20: Vehicle | M20: No matching points entry found in uploaded PDF; verify unit name/current support. | N20: Not found in uploaded PDF | O20: Uploaded PDF: Munitorum Field Manual v2.3 / March 2025
A21: Drukhari | C21: Infantry / Other | D21: Infantry | E21: Urien Rakarth | F21: 1 model | G21: Infantry | L21: 80 | N21: Matched to Munitorum Field Manual v2.3 | O21: Uploaded PDF: Munitorum Field Manual v2.3 / March 2025, p.20
A22: Drukhari | C22: Vehicle / Support | D22: Vehicle | E22: Venom | F22: 1 model | G22: Vehicle | L22: 70 | N22: Matched to Munitorum Field Manual v2.3 | O22: Uploaded PDF: Munitorum Field Manual v2.3 / March 2025, p.20
A23: Drukhari | C23: Vehicle / Support | D23: Aircraft | E23: Voidraven Bomber | F23: 1 model | G23: Aircraft | L23: 235 | N23: Matched to Munitorum Field Manual v2.3 | O23: Uploaded PDF: Munitorum Field Manual v2.3 / March 2025, p.20
A24: Drukhari | C24: Infantry / Other | D24: Infantry | E24: Voidweaver | G24: Infantry | M24: No matching points entry found in uploaded PDF; verify unit name/current support. | N24: Not found in uploaded PDF | O24: Uploaded PDF: Munitorum Field Manual v2.3 / March 2025
A25: Drukhari | C25: Infantry / Other | D25: Beast / Swarm | E25: Warp Beasts | G25: Beast / Swarm | M25: No matching points entry found in uploaded PDF; verify unit name/current support. | N25: Not found in uploaded PDF | O25: Uploaded PDF: Munitorum Field Manual v2.3 / March 2025
A26: Drukhari | C26: Infantry / Other | D26: Infantry | E26: Wracks | F26: 5 models | G26: Infantry | L26: 55 | M26: Points options: 5 models = 55 pts; 10 models = 110 pts | N26: Matched to Munitorum Field Manual v2.3 | O26: Uploaded PDF: Munitorum Field Manual v2.3 / March 2025, p.20
A27: Drukhari | C27: Battleline / Core | D27: Infantry | E27: Wyches | F27: 10 models | G27: Infantry | L27: 80 | N27: Matched to Munitorum Field Manual v2.3 | O27: Uploaded PDF: Munitorum Field Manual v2.3 / March 2025, p.20
A28: Drukhari | C28: Infantry / Other | D28: Infantry | E28: Hand Of The Archon | F28: 10 models | G28: Infantry | L28: 115 | N28: Added from current Munitorum Field Manual v4.1 (non-Legends) | O28: https://www.warhammer-community.com/en-gb/downloads/warhammer-40000/
A29: Drukhari | C29: Character | D29: Character | E29: Lady Malys | F29: 1 model | G29: Character | L29: 100 | N29: Added from current Munitorum Field Manual v4.1 (non-Legends) | O29: https://www.warhammer-community.com/en-gb/downloads/warhammer-40000/
A30: Drukhari | C30: Infantry / Other | D30: Infantry | E30: Scourges With Heavy Weapons | F30: 5 models | G30: Infantry | L30: 110 | M30: Your 1st To 2nd Units Cost: 5 models = 110 pts | Your 3rd + Unit Costs: 5 models = 120 pts | Wargear: Haywire blaster +5 pts | Wargear: Dark lance +5 pts | N30: Added from current Munitorum Field Manual v4.1 (non-Legends) | O30: https://www.warhammer-community.com/en-gb/downloads/warhammer-40000/
A31: Drukhari | C31: Infantry / Other | D31: Infantry | E31: Scourges With Shardcarbines | F31: 5 models | G31: Infantry | L31: 75 | M31: Your 1st To 2nd Units Cost: 5 models = 75 pts | Your 3rd + Unit Costs: 5 models = 85 pts | N31: Added from current Munitorum Field Manual v4.1 (non-Legends) | O31: https://www.warhammer-community.com/en-gb/downloads/warhammer-40000/

Sheet Emperor's Children
A1: Faction | B1: Subfaction/Chapter | C1: Battlefield Role | D1: Unit Type | E1: Unit Name | F1: Models | G1: Keywords / Tags | H1: Owned? | I1: Built? | J1: Paint Status | K1: Wishlist Priority | L1: Points | M1: Notes | N1: Verification Status | O1: Source URL
A2: Emperor's Children | B2: Emperor's Children | C2: Infantry / Other | D2: Infantry | E2: Daemon Prince of Slaanesh | F2: 1 model | G2: Infantry | L2: 195 | N2: Matched to Munitorum Field Manual v2.3 | O2: Uploaded PDF: Munitorum Field Manual v2.3 / March 2025, p.21
A3: Emperor's Children | B3: Emperor's Children | C3: Infantry / Other | D3: Infantry | E3: Daemon Prince of Slaanesh with Wings | F3: 1 model | G3: Infantry | L3: 180 | N3: Matched to Munitorum Field Manual v2.3 | O3: Uploaded PDF: Munitorum Field Manual v2.3 / March 2025, p.21
A4: Emperor's Children | B4: Emperor's Children | C4: Character | D4: Character | E4: Emperor's Children Lord Exultant | G4: Character | M4: No matching points entry found in uploaded PDF; verify unit name/current support. | N4: Not found in uploaded PDF | O4: Uploaded PDF: Munitorum Field Manual v2.3 / March 2025
A5: Emperor's Children | B5: Emperor's Children | C5: Monster / Heavy Support | D5: Monster | E5: Fulgrim | F5: 1 model | G5: Monster, Epic Hero | L5: 385 | N5: Matched to Munitorum Field Manual v2.3 | O5: Uploaded PDF: Munitorum Field Manual v2.3 / March 2025, p.21
A6: Emperor's Children | B6: Emperor's Children | C6: Infantry / Other | D6: Infantry | E6: Infractors | F6: 5 models | G6: Infantry | L6: 85 | M6: Points options: 5 models = 85 pts; 10 models = 160 pts | N6: Matched to Munitorum Field Manual v2.3 | O6: Uploaded PDF: Munitorum Field Manual v2.3 / March 2025, p.21
A7: Emperor's Children | B7: Emperor's Children | C7: Character | D7: Character | E7: Lord Kakophonist | F7: 1 model | G7: Character | L7: 60 | N7: Matched to Munitorum Field Manual v2.3 | O7: Uploaded PDF: Munitorum Field Manual v2.3 / March 2025, p.21
A8: Emperor's Children | B8: Emperor's Children | C8: Infantry / Other | D8: Infantry | E8: Lucius the Eternal | F8: 1 model | G8: Infantry | L8: 140 | M8: Points options: 1 model = 140 pts; 1 model = 95 pts | N8: Matched to Munitorum Field Manual v2.3 | O8: Uploaded PDF: Munitorum Field Manual v2.3 / March 2025, p.21
A9: Emperor's Children | B9: Emperor's Children | C9: Infantry / Other | D9: Infantry | E9: Noise Marines | F9: 6 models | G9: Infantry | L9: 135 | M9: Points options: 6 models = 135 pts; 5 models = 85 pts; 10 models = 170 pts | N9: Matched to Munitorum Field Manual v2.3 | O9: Uploaded PDF: Munitorum Field Manual v2.3 / March 2025, p.21
A10: Emperor's Children | B10: Emperor's Children | C10: Infantry / Other | D10: Infantry | E10: Tormentors | F10: 5 models | G10: Infantry | L10: 85 | M10: Points options: 5 models = 85 pts; 10 models = 170 pts | N10: Matched to Munitorum Field Manual v2.3 | O10: Uploaded PDF: Munitorum Field Manual v2.3 / March 2025, p.21
A11: Emperor's Children | C11: Vehicle / Support | D11: Vehicle | E11: Chaos Land Raider | F11: 1 model | G11: Vehicle | L11: 220 | M11: Your 1st To 2nd Units Cost: 1 models = 220 pts | Your 3rd + Unit Costs: 1 models = 240 pts | N11: Added from current Munitorum Field Manual v4.1 (non-Legends) | O11: https://www.warhammer-community.com/en-gb/downloads/warhammer-40000/
A12: Emperor's Children | C12: Vehicle / Support | D12: Vehicle | E12: Chaos Rhino | F12: 1 model | G12: Vehicle | L12: 80 | N12: Added from current Munitorum Field Manual v4.1 (non-Legends) | O12: https://www.warhammer-community.com/en-gb/downloads/warhammer-40000/
A13: Emperor's Children | C13: Infantry / Other | D13: Beast / Swarm | E13: Chaos Spawn | F13: 2 models | G13: Beast / Swarm | L13: 70 | N13: Added from current Munitorum Field Manual v4.1 (non-Legends) | O13: https://www.warhammer-community.com/en-gb/downloads/warhammer-40000/
A14: Emperor's Children | C14: Infantry / Other | D14: Infantry | E14: Chaos Terminators | F14: 5 models | G14: Infantry | L14: 145 | N14: Added from current Munitorum Field Manual v4.1 (non-Legends) | O14: https://www.warhammer-community.com/en-gb/downloads/warhammer-40000/
A15: Emperor's Children | C15: Infantry / Other | D15: Infantry | E15: Daemonettes | F15: 10 models | G15: Infantry | L15: 90 | N15: Added from current Munitorum Field Manual v4.1 (non-Legends) | O15: https://www.warhammer-community.com/en-gb/downloads/warhammer-40000/
A16: Emperor's Children | C16: Vehicle / Support | D16: Vehicle | E16: Defiler | F16: 1 model | G16: Vehicle | L16: 290 | M16: Your 1st Unit Costs: 1 models = 290 pts | Your 2nd + Unit Costs: 1 models = 320 pts | Wargear: Heavy reaper autocannon +10 pts | Wargear: Hades lascannon +10 pts | N16: Added from current Munitorum Field Manual v4.1 (non-Legends) | O16: https://www.warhammer-community.com/en-gb/downloads/warhammer-40000/
A17: Emperor's Children | C17: Infantry / Other | D17: Beast / Swarm | E17: Fiends | F17: 3 models | G17: Beast / Swarm | L17: 90 | N17: Added from current Munitorum Field Manual v4.1 (non-Legends) | O17: https://www.warhammer-community.com/en-gb/downloads/warhammer-40000/
A18: Emperor's Children | C18: Infantry / Other | D18: Infantry | E18: Flawless Blades | F18: 3 models | G18: Infantry | L18: 95 | N18: Added from current Munitorum Field Manual v4.1 (non-Legends) | O18: https://www.warhammer-community.com/en-gb/downloads/warhammer-40000/
A19: Emperor's Children | C19: Vehicle / Support | D19: Vehicle | E19: Heldrake | F19: 1 model | G19: Vehicle | L19: 175 | N19: Added from current Munitorum Field Manual v4.1 (non-Legends) | O19: https://www.warhammer-community.com/en-gb/downloads/warhammer-40000/
A20: Emperor's Children | C20: Monster / Support | D20: Monster | E20: Keeper Of Secrets | F20: 1 model | G20: Monster | L20: 255 | M20: Your 1st To 2nd Units Cost: 1 models = 255 pts | Your 3rd + Unit Costs: 1 models = 270 pts | N20: Added from current Munitorum Field Manual v4.1 (non-Legends) | O20: https://www.warhammer-community.com/en-gb/downloads/warhammer-40000/
A21: Emperor's Children | C21: Character | D21: Character | E21: Lord Exultant | F21: 1 model | G21: Character | L21: 80 | M21: Your 1st To 2nd Units Cost: 1 models = 80 pts | Your 3rd + Unit Costs: 1 models = 90 pts | N21: Added from current Munitorum Field Manual v4.1 (non-Legends) | O21: https://www.warhammer-community.com/en-gb/downloads/warhammer-40000/
A22: Emperor's Children | C22: Vehicle / Support | D22: Vehicle | E22: Maulerfiend | F22: 1 model | G22: Vehicle | L22: 130 | M22: Your 1st To 2nd Units Cost: 1 models = 130 pts | Your 3rd + Unit Costs: 1 models = 140 pts | N22: Added from current Munitorum Field Manual v4.1 (non-Legends) | O22: https://www.warhammer-community.com/en-gb/downloads/warhammer-40000/
A23: Emperor's Children | C23: Infantry / Other | D23: Infantry | E23: Seekers | F23: 5 models | G23: Infantry | L23: 80 | N23: Added from current Munitorum Field Manual v4.1 (non-Legends) | O23: https://www.warhammer-community.com/en-gb/downloads/warhammer-40000/
A24: Emperor's Children | C24: Infantry / Other | D24: Infantry | E24: Shalaxi Helbane | F24: 1 model | G24: Infantry | L24: 340 | N24: Added from current Munitorum Field Manual v4.1 (non-Legends) | O24: https://www.warhammer-community.com/en-gb/downloads/warhammer-40000/
A25: Emperor's Children | C25: Character | D25: Character | E25: Sorcerer | F25: 1 model | G25: Character | L25: 60 | N25: Added from current Munitorum Field Manual v4.1 (non-Legends) | O25: https://www.warhammer-community.com/en-gb/downloads/warhammer-40000/

Sheet Genestealer Cults
A1: Faction | B1: Subfaction/Chapter | C1: Battlefield Role | D1: Unit Type | E1: Unit Name | F1: Models | G1: Keywords / Tags | H1: Owned? | I1: Built? | J1: Paint Status | K1: Wishlist Priority | L1: Points | M1: Notes | N1: Verification Status | O1: Source URL
A2: Genestealer Cults | C2: Character | D2: Character | E2: Abominant | F2: 1 model | G2: Character | L2: 95 | N2: Matched to Munitorum Field Manual v2.3 | O2: Uploaded PDF: Munitorum Field Manual v2.3 / March 2025, p.22
A3: Genestealer Cults | C3: Infantry / Other | D3: Infantry | E3: Aberrants | F3: 5 models | G3: Infantry | L3: 135 | M3: Points options: 5 models = 135 pts; 10 models = 300 pts | N3: Matched to Munitorum Field Manual v2.3 | O3: Uploaded PDF: Munitorum Field Manual v2.3 / March 2025, p.22
A4: Genestealer Cults | C4: Vehicle / Support | D4: Vehicle | E4: Achilles Ridgerunners | F4: 1 model | G4: Vehicle | L4: 85 | M4: Points options: 1 model = 85 pts; 2 models = 170 pts | N4: Matched to Munitorum Field Manual v2.3 | O4: Uploaded PDF: Munitorum Field Manual v2.3 / March 2025, p.22
A5: Genestealer Cults | C5: Infantry / Other | D5: Infantry | E5: Acolyte Hybrids with Autopistols | F5: 5 models | G5: Infantry | L5: 65 | M5: Points options: 5 models = 65 pts; 10 models = 130 pts | N5: Matched to Munitorum Field Manual v2.3 | O5: Uploaded PDF: Munitorum Field Manual v2.3 / March 2025, p.22
A6: Genestealer Cults | C6: Infantry / Other | D6: Infantry | E6: Acolyte Hybrids with Hand Flamers | F6: 5 models | G6: Infantry | L6: 70 | M6: Points options: 5 models = 70 pts; 10 models = 140 pts | N6: Matched to Munitorum Field Manual v2.3 | O6: Uploaded PDF: Munitorum Field Manual v2.3 / March 2025, p.22
A7: Genestealer Cults | C7: Infantry / Other | D7: Mounted / Bike | E7: Atalan Jackals | F7: 5 models | G7: Mounted / Bike | L7: 80 | M7: Points options: 5 models = 80 pts; 10 models = 160 pts | N7: Matched to Munitorum Field Manual v2.3 | O7: Uploaded PDF: Munitorum Field Manual v2.3 / March 2025, p.22
A8: Genestealer Cults | C8: Character | D8: Character | E8: Biophagus | F8: 1 model | G8: Character | L8: 50 | N8: Matched to Munitorum Field Manual v2.3 | O8: Uploaded PDF: Munitorum Field Manual v2.3 / March 2025, p.22
A9: Genestealer Cults | C9: Character | D9: Character | E9: Clamavus | F9: 1 model | G9: Character | L9: 50 | N9: Matched to Munitorum Field Manual v2.3 | O9: Uploaded PDF: Munitorum Field Manual v2.3 / March 2025, p.22
A10: Genestealer Cults | C10: Vehicle / Support | D10: Vehicle | E10: Goliath Rockgrinder | F10: 1 model | G10: Vehicle | L10: 120 | N10: Matched to Munitorum Field Manual v2.3 | O10: Uploaded PDF: Munitorum Field Manual v2.3 / March 2025, p.22
A11: Genestealer Cults | C11: Vehicle / Support | D11: Vehicle | E11: Goliath Truck | F11: 1 model | G11: Vehicle | L11: 85 | N11: Matched to Munitorum Field Manual v2.3 | O11: Uploaded PDF: Munitorum Field Manual v2.3 / March 2025, p.22
A12: Genestealer Cults | C12: Infantry / Other | D12: Infantry | E12: Hybrid Metamorphs | F12: 5 models | G12: Infantry | L12: 80 | M12: Points options: 5 models = 80 pts; 10 models = 160 pts | N12: Matched to Munitorum Field Manual v2.3 | O12: Uploaded PDF: Munitorum Field Manual v2.3 / March 2025, p.22
A13: Genestealer Cults | C13: Infantry / Other | D13: Infantry | E13: Jackal Alphus | F13: 1 model | G13: Infantry | L13: 55 | N13: Matched to Munitorum Field Manual v2.3 | O13: Uploaded PDF: Munitorum Field Manual v2.3 / March 2025, p.22
A14: Genestealer Cults | C14: Character | D14: Character | E14: Kelermorph | F14: 1 model | G14: Character | L14: 60 | N14: Matched to Munitorum Field Manual v2.3 | O14: Uploaded PDF: Munitorum Field Manual v2.3 / March 2025, p.22
A15: Genestealer Cults | C15: Character | D15: Character | E15: Locus | F15: 1 model | G15: Character | L15: 45 | N15: Matched to Munitorum Field Manual v2.3 | O15: Uploaded PDF: Munitorum Field Manual v2.3 / March 2025, p.22
A16: Genestealer Cults | C16: Character | D16: Character | E16: Magus | F16: 1 model | G16: Character, Psyker | L16: 50 | N16: Matched to Munitorum Field Manual v2.3 | O16: Uploaded PDF: Munitorum Field Manual v2.3 / March 2025, p.22
A17: Genestealer Cults | C17: Character | D17: Character | E17: Nexos | F17: 1 model | G17: Character | L17: 60 | N17: Matched to Munitorum Field Manual v2.3 | O17: Uploaded PDF: Munitorum Field Manual v2.3 / March 2025, p.22
A18: Genestealer Cults | C18: Battleline / Core | D18: Infantry | E18: Neophyte Hybrids | F18: 10 models | G18: Infantry | L18: 65 | M18: Points options: 10 models = 65 pts; 20 models = 145 pts | N18: Matched to Munitorum Field Manual v2.3 | O18: Uploaded PDF: Munitorum Field Manual v2.3 / March 2025, p.22
A19: Genestealer Cults | C19: Character | D19: Character | E19: Patriarch | F19: 1 model | G19: Character | L19: 75 | N19: Matched to Munitorum Field Manual v2.3 | O19: Uploaded PDF: Munitorum Field Manual v2.3 / March 2025, p.22
A20: Genestealer Cults | C20: Character | D20: Character | E20: Primus | F20: 1 model | G20: Character | L20: 80 | N20: Matched to Munitorum Field Manual v2.3 | O20: Uploaded PDF: Munitorum Field Manual v2.3 / March 2025, p.22
A21: Genestealer Cults | C21: Infantry / Other | D21: Infantry | E21: Purestrain Genestealers | F21: 5 models | G21: Infantry | L21: 75 | M21: Points options: 5 models = 75 pts; 10 models = 150 pts | N21: Matched to Munitorum Field Manual v2.3 | O21: Uploaded PDF: Munitorum Field Manual v2.3 / March 2025, p.22
A22: Genestealer Cults | C22: Infantry / Other | D22: Infantry | E22: Reductus Saboteur | F22: 1 model | G22: Infantry | L22: 65 | N22: Matched to Munitorum Field Manual v2.3 | O22: Uploaded PDF: Munitorum Field Manual v2.3 / March 2025, p.22
A23: Genestealer Cults | C23: Character | D23: Character | E23: Sanctus | F23: 1 model | G23: Character | L23: 50 | N23: Matched to Munitorum Field Manual v2.3 | O23: Uploaded PDF: Munitorum Field Manual v2.3 / March 2025, p.22
A24: Genestealer Cults | C24: Character | D24: Character | E24: Acolyte Iconward | F24: 1 model | G24: Character | L24: 50 | N24: Added from current Munitorum Field Manual v4.1 (non-Legends) | O24: https://www.warhammer-community.com/en-gb/downloads/warhammer-40000/
A25: Genestealer Cults | C25: Character | D25: Character | E25: Benefictus | F25: 1 model | G25: Character | L25: 75 | N25: Added from current Munitorum Field Manual v4.1 (non-Legends) | O25: https://www.warhammer-community.com/en-gb/downloads/warhammer-40000/

Sheet Grey Knights
A1: Faction | B1: Subfaction/Chapter | C1: Battlefield Role | D1: Unit Type | E1: Unit Name | F1: Models | G1: Keywords / Tags | H1: Owned? | I1: Built? | J1: Paint Status | K1: Wishlist Priority | L1: Points | M1: Notes | N1: Verification Status | O1: Source URL
A2: Grey Knights | B2: Grey Knights | C2: Character | D2: Character | E2: Brother-Captain | F2: 1 model | G2: Character | L2: 90 | N2: Matched to Munitorum Field Manual v2.3 | O2: Uploaded PDF: Munitorum Field Manual v2.3 / March 2025, p.23
A3: Grey Knights | B3: Grey Knights | C3: Character | D3: Character | E3: Brotherhood Champion | F3: 1 model | G3: Character | L3: 80 | N3: Matched to Munitorum Field Manual v2.3 | O3: Uploaded PDF: Munitorum Field Manual v2.3 / March 2025, p.23
A4: Grey Knights | B4: Grey Knights | C4: Character | D4: Character | E4: Brotherhood Chaplain | F4: 1 model | G4: Character | L4: 75 | N4: Matched to Munitorum Field Manual v2.3 | O4: Uploaded PDF: Munitorum Field Manual v2.3 / March 2025, p.23
A5: Grey Knights | B5: Grey Knights | C5: Character | D5: Character | E5: Brotherhood Librarian | F5: 1 model | G5: Character, Psyker | L5: 120 | N5: Matched to Munitorum Field Manual v2.3 | O5: Uploaded PDF: Munitorum Field Manual v2.3 / March 2025, p.23
A6: Grey Knights | B6: Grey Knights | C6: Character | D6: Character | E6: Brotherhood Techmarine | F6: 1 model | G6: Character | L6: 70 | N6: Matched to Munitorum Field Manual v2.3 | O6: Uploaded PDF: Munitorum Field Manual v2.3 / March 2025, p.23
A7: Grey Knights | B7: Grey Knights | C7: Infantry / Other | D7: Infantry | E7: Castellan Crowe | F7: 1 model | G7: Infantry | L7: 90 | N7: Matched to Munitorum Field Manual v2.3 | O7: Uploaded PDF: Munitorum Field Manual v2.3 / March 2025, p.23
A8: Grey Knights | B8: Grey Knights | C8: Character | D8: Character | E8: Grand Master | F8: 1 model | G8: Character | L8: 95 | N8: Matched to Munitorum Field Manual v2.3 | O8: Uploaded PDF: Munitorum Field Manual v2.3 / March 2025, p.23
A9: Grey Knights | B9: Grey Knights | C9: Vehicle / Support | D9: Super-heavy Vehicle/Monster | E9: Grand Master in Nemesis Dreadknight | F9: 1 model | G9: Super-heavy Vehicle/Monster | L9: 210 | N9: Matched to Munitorum Field Manual v2.3 | O9: Uploaded PDF: Munitorum Field Manual v2.3 / March 2025, p.23
A10: Grey Knights | B10: Grey Knights | C10: Vehicle / Support | D10: Aircraft | E10: Interceptors | F10: 5 models | G10: Aircraft | L10: 125 | M10: Points options: 5 models = 125 pts; 10 models = 250 pts | N10: Matched to Munitorum Field Manual v2.3 | O10: Uploaded PDF: Munitorum Field Manual v2.3 / March 2025, p.23
A11: Grey Knights | B11: Grey Knights | C11: Infantry / Other | D11: Infantry | E11: Kaldor Draigo | F11: 1 model | G11: Infantry, Epic Hero | L11: 125 | N11: Matched to Munitorum Field Manual v2.3 | O11: Uploaded PDF: Munitorum Field Manual v2.3 / March 2025, p.23
